General ,,,,,,,,,,Legal Frameworks,,,,,,,,Governance models / ownership structure,,,,,,,,Models of energy communities (Energy Sharing) ,,,,,,,Data infrastructure ,,,,,Aggregation,,,,,Market Access,,,,,Pricing ,,,,,Energy Justice,,,,,Challenges/Bottlenecks,,,,,,,,
general variables about EC/cvpp landscape to ensure that cross-country comparison makes general sense ,,,,,,,,,,"legal scope for generation, supply, aggregation, sharing... also looking at administrative complexity (permits and licensing burdens). What allows the development of energy communities (i.e. frameworks?) comparing other countries?",,,,,,,,"Looking at governance models to compare stakeholders, scalability opportunities and decision-making processes. ",,,,,,,,"Looking at energy sharing specifically, to compare the operational implementation of energy communities/cVPPs ",,,,,,,"cVPPs need access to data to be enabled. We look at what data is available technically and legally, and what constraints exist",,,,,"Looking at aggregation to understand how countries do it, to compare the technical aspects and requirements for aggregation, whether it's done within communities or with third party participation, whether there are specific requirements that could prevent the feasibility...",,,,,"Looking at the different ways ECs and cVPPs may integrate existing energy markets. Who are the main actors, what are the specific requirements put forth for market access, what is the existing ECs configuration like when it comes to market access? ",,,,,"Looking at the different ways pricing influence the development and functioning of EC/cVPPs. Looking at which actors of the energy system charge EC enablers (and at which level of the production/sharing), which actors define prices (and at what scale), what are some of the revenue schemes and/or financial schemes that exist. Are prices dynamic?",,,,,"Looking into energy justice in the context of ECs, VPPs and cVPPs - procedural justice i.e. procedural judstice (who can form/operate ECs) ; distributive justice (who bears the risks/who gets the value and benefits) 
",,,,,Looking at the different elements constituting challenges or bottlenecks for the enablement of ECs.,,,,,,,,
Country,Electricity System Type,Market liberalisation level,Renewable energy production,Grid structure,Number of energy communities,Number of identified cvpps,technologies of energy communities,Key sources,Notes,REC Legal status,CEC legal status ,Transposition Completeness,Specific legal rights,Dedicated energy communities framework,Administrative/Bureaucratic complexity,Key Sources,Notes,Allowed legal forms,Equity ownership and control,Geographic/spatial constraints,Citizen participation ,Role of public actors,Role/participation of third party,Key Sources,notes,Energy sharing permitted ? and how?,Model type,Geographical boundaries/scope,Supplier intermediation,Regulatory complexity/bottleneck,Key sources,Notes,Smart meter roll out ,Data granularity,Data access rights,Key sources,Notes,Aggregation allowed,Independent aggregation,Community aggregators role,Key Sources,Notes,Access type,Wholesale,Main actors,Key sources,Notes,Network charges,DSO / distribution pricing,Financial support schemes,Key sources,Notes,Procedural justice,Distributive justive,,Key sources,Notes,Legal barriers,Market barriers,Technical barriers,Economic barriers,Social barriers,Other barriers,Opportunities,Key sources,
"Format: Country name (English).
Example: “France”.","Format: 1 short phrase on centralisation + main generation profile.
Example: “Centralised, nuclear?dominant mix”.","Market liberalisation level
Format: Sentence stating retail/wholesale competition + presence of dominant incumbents.
Example: “Fully liberalised retail and wholesale markets; incumbent state?owned supplier remains dominant.”
","Renewable energy production
Format: 1 sentence summarising RES share and key technologies (no exact % needed).
Example: “High RES share with strong wind and hydro; solar growing rapidly.”","Grid structure
Format: 2–3 phrases on TSO/DSO ownership and DSO landscape (single vs many DSOs).
Example: “Single national TSO; one large national DSO plus local municipal DSOs.”","Number of energy communities
Format: Latest national estimate + year + source tag (short).
Example: “?700 registered ECs (2023, national report).”","
Number of identified cVPPs
Format: Integer or “none identified / pilots only”, plus very short clarification if needed.
Example: “No explicit cVPP pilots identified; only ECs using CSC model.","Technologies of energy communities
Format: 1–2 sentences listing dominant technologies and any notable patterns (e.g. hydro, rooftop PV, onshore wind).
Example: “ECs mainly develop rooftop PV and onshore wind; some small hydro projects.”",,"Notes
Format: Max 2–3 sentences with any contextual nuance about the EC/cVPP landscape that doesn’t fit above (e.g. strong national network, political targets).","REC Legal status
Format: “Yes/No + where/how defined + very short qualifier (primary law vs scheme).”
Example: “Yes – defined in Renewable Energy Act and Electricity Law as specific legal entity.”

","CEC Legal status
Format: Same as REC but for CEC; if merged into a single EC category, say so.
Example: “No separate CEC; electricity?market directive transposed via a unified ‘energy community’ definition.”
","Transposition Completeness
Format: “Complete / Partial / Not transposed + 1 clause on missing element if any.”
Example: “Complete – REC/CEC provisions integrated in Energy Code; no CEC?specific registry.”
","Specific legal rights
Format: 1–2 sentences listing what ECs are explicitly allowed to do (generate, share, supply, aggregate, own networks, provide services).
Example: “ECs may generate, consume, store, share and sell electricity, participate in all markets directly or via aggregators; cannot own public electricity networks.”","Dedicated energy communities framework
Format: “Yes/No + main instruments (acts, codes, decrees).”
Example: “Yes – dedicated EC title in Energy Code plus implementing decree on energy communities.”
","Administrative/Bureaucratic complexity
Format: 1–2 sentences on registration/notification, licensing, ability to form ECs administratively.
Example: “No separate EC registry; ECs must notify DSOs and comply with standard project permitting; supply?licence exemptions limited to specific EC conditions.”
",,"Notes
Format: 1–2 sentences capturing structural peculiarities (e.g. overlapping pre?existing frameworks, ongoing reforms).
","Allowed legal forms
Format: List of main legal forms that ECs may take (co?op, association, company, etc.).
Example: “Cooperatives, associations, limited companies and municipalities’ SEM?type entities.”","Equity ownership
Format: 1–2 sentences on who can be members/owners + non?profit or profit caps + any caps on shareholding.
Example: “Members can be citizens, SMEs and local authorities; primary purpose must be non?profit; individual shareholding capped at 25% of voting rights.”
","Geographic/spatial constraints
Format: 1 sentence on proximity rules for members/control (if any).
Example: “REC control must be exercised by members located in the same or adjacent municipality; no proximity requirement for CECs.”

","Citizen participation
Format: 1–2 sentences describing forms/extent of citizen membership and voting rights.
Example: “Open and voluntary participation; citizen or local?authority member category must hold effective control (>40% of votes).”","Role of public actors
Format: 1–2 sentences on municipalities/regions/state roles as members, investors, organisers.
Example: “Local authorities can join and co?own projects; some ECs are initiated or majority?owned by municipalities.”","Role/participation of third party
Format: 1–2 sentences on involvement of commercial developers, suppliers, crowdfunding platforms, etc.
Example: “Commercial RES developers may co?own projects; crowdfunding platforms and social?impact funds participate as minority investors.”",,"notes
Format: Short nuance on typical governance configurations (e.g. “citizen?majority co?ops dominate”, “many mixed public?private vehicles”).
","Energy sharing permitted? and how?
Format: “Yes/No + short description of legal mechanism (CSC, peer?to?peer, etc.).”
Example: “Yes – via collective self?consumption scheme where EC legal entity allocates shared production among members.”","Model type
Format: 1 sentence naming the main operational model (CSC, local tariff, pure generation?only, etc.).
Example: “Collective self?consumption of local PV with residual supply from commercial supplier.”

","Geographical boundaries/scope
Format: 1 sentence describing allowed perimeter (building, LV feeder, km radius, DSO area, etc.).
Example: “Default building?level; can extend to 2 km (LV, ?3 MW) and exceptionally to 20 km by ministerial exemption.”","Supplier intermediation
Format: 1 sentence on whether a supplier is required and how (same supplier for all, any supplier, EC as supplier, etc.).
Example: “Participants keep individual supply contracts; same supplier must support energy sharing for all participating members.”","Regulatory complexity/bottleneck
Format: 1–2 sentences on key constraints that complicate energy sharing (licence requirements, meter rules, perimeter caps).
Example: “Energy sharing only via CSC; strict meter and perimeter rules; complex choice of sharing rules subject to DSO validation.”",,"Notes
Format: Any nuance on sharing?rule options, default rules, observed practice (e.g. “most use default pro?rata to consumption rule”).","Smart meter roll out
Format: short indicator + brief description.
Example: “?90% rollout (2024); advanced meters mandatory for CSC/energy?sharing participants.”","Data granularity
Format: smallest time step used for billing/allocation (15?min, 30?min, hourly).
Example: “15?minute data aligned with balancing period.”","Data access rights
Format: 1–2 sentences on who can access meter data (EC, supplier, DSO, member) and under what conditions.
Example: “DSO collects and shares quarter?hourly data with suppliers; EC or legal entity receives allocation data; members can access own data via portal.”",,"Notes
Format: Short mention of key barriers (e.g. incomplete rollout, lack of standard substitute?value procedures).","Aggregation allowed
Format: “Yes/No + scope (generation, demand response, both).”
Example: “Yes – ECs can aggregate generation and demand?response resources.”","Independent aggregation
Format: 1 sentence on whether independent aggregators (separate from suppliers) are recognised and allowed.
Example: “Independent aggregators recognised in law; ECs can contract with them or become aggregators under general rules.”","Community aggregators role
Format: 1–2 sentences describing whether ECs themselves can act as aggregators and under what conditions.
Example: “CEC framework allows ECs to provide aggregation services; no separate ‘community aggregator’ licence.”",,"Notes
Format: Any nuance on interaction with DSOs/TSOs or balancing market access.","Market Access
Access type
Format: 1–2 sentences summarising which markets ECs can enter (retail supply, wholesale, balancing, capacity, local flexibility).
Example: “ECs can sell into wholesale markets via suppliers/aggregators and participate in national support schemes; no dedicated local flexibility market yet.”","Wholesale
Format: 1 sentence on whether ECs can directly trade in wholesale markets or must go through intermediaries.
Example: “Direct wholesale participation is possible but uncommon; most ECs rely on PPAs with suppliers.”","Main actors
Format: key institutional players relevant to EC market access (regulator, TSO/DSO, main programmes).
Example: “Energy regulator, TSO, national DSO and community?support organisations (e.g. REScoop, Energie Partagée).”",,"Notes
Format: brief note on any specific EC?related market rule (e.g. priority access, non?discrimination clauses).","Pricing
Network charges
Format: 1 sentence on whether shared/self?consumed energy pays full network tariffs, reduced ones, or exemptions.
Example: “Shared energy pays full volumetric grid tariffs; no specific EC reduction.”","DSO / distribution pricing
Format: 1 sentence on DSO tariff structure relevant to ECs (capacity vs energy?based, differentiation by voltage level).
Example: “Two?part tariff (capacity + energy) with reduced energy charge for local REC energy flows.”","Financial support schemes
Format: 1–2 sentences naming key schemes relevant to ECs (FiT, premiums, grants, tenders, bonuses) and whether any are EC?specific.
Example: “RES tenders with bonus points for citizen/local authority ownership; feed?in premium for small citizen wind projects; grants for community heating networks.",,"Notes
Format: nuance on how pricing and support interact with EC viability (e.g. recent reforms that hurt small projects).","Energy Justice
Procedural justice
Format: 1–2 sentences describing who can form/operate ECs, how accessible procedures are, and whether rights are explicit.
Example: “Any citizen, SME or local authority can form ECs; procedures complex but rights are clearly stated in Energy Code; no one?stop national registry.”","Distributive justice
Format: 1–2 sentences on how risks/costs/benefits are shared (e.g. who bears balancing risk, who benefits from CBFs or tariffs).
Example: “Members bear part of revenue risk (market?linked income); some schemes channel benefits via community funds and tariff bonuses.”",,,,"Legal barriers
Format: bullet?like phrase listing 1–2 key legal obstacles.
Example: “Ambiguous profit thresholds; exclusion of certain non?profits from EC membership.”","Market barriers
Format: 1–2 key market design issues.
Example: “No clear route for ECs to monetise flexibility; complex PPA requirements.”","Technical barriers
Format: 1–2 key technical issues.
Example: “Incomplete smart?meter coverage; complex metering for multi?EC participants.”","Economic barriers
Format: 1–2 key financial issues.
Example: “Small projects struggle to access bank finance; support schemes favour larger developers.”","Social barriers
Format: 1–2 key socio?political issues.
Example: “Low awareness in low?income communities; limited time/capacity among volunteers.”","Other barriers
Format: anything not fitting above (e.g. environmental siting conflicts, defence?area restrictions).","Opportunities
Format: 1–2 sentences on main enabling opportunities (policy reforms, support networks, targets).",,
Austria,"Hydro?dominated, highly renewable electricity system with strong public and municipal actors","Formally liberalised wholesale and retail markets since the 2000s, with regulated network monopolies and a mix of public and private suppliers and DSOs","Around three?quarters of electricity generation from renewables, with hydropower providing over 60% and growing wind, solar and biomass shares","Single national TSO (APG) operating the high?voltage backbone grid and multiple regional DSOs managing distribution networks, including municipal and utility?owned distributors

","Several hundred RECs and CECs registered or listed in the national CEOC registry, which is voluntary and does not capture all existing ECs

",No explicitly branded cVPP pilots identified; EC activity is mainly via REC/CEC energy?sharing configurations,"ECs are primarily based on rooftop and ground?mounted PV, often combined with small?scale storage and, in some cases, small hydro, biomass or wind installations",,"Austria combines a very high renewable share and a hydro?dominated system with an advanced legal framework for RECs and CECs; the COEC registry and evaluation report show a fast?growing but heterogeneous EC landscape, where most initiatives are small PV?based projects embedded in local or regional grids and supported by reduced grid tariffs for RECs.",Yes - REC defined in the Renewable Energy Expansion Act (EAG) + Renewable Energy Expansion Acceleration Act (2025) and the Electricity Industry and Organisation Act (EIWOG) as a legal entity with at least two members that enables sharing of renewable energy within the community; framework introduced through the 2021 EAG package,"Yes - CEC defined in EIWOG Section 6a ff. as a legal entity controlled by its members or shareholders (natural or legal persons and local authorities), with open and voluntary participation and a primary non?profit purpose; distinct from the REC definition and not mentioned in the EAG","Complete – REC and CEC concepts are fully transposed via EAG (for RECs) and EIWOG (for CECs), including detailed rights, obligations, energy?sharing rules and enabling provisions","Network users have a legal right vis?à?vis network operators to participate in a REC or CEC without losing free supplier choice; RECs and CECs may generate, consume, store and sell self?generated electricity, and RECs may share self?generated renewable electricity among members; operation and maintenance can be delegated to third parties","Yes – comprehensive EC framework through EAG Section 6 (RECs) and EIWOG Section 6a ff. (CECs), with common energy?sharing provisions, supported institutionally by the federal Coordination Office for Energy Communities (COEC).","Straightforward notification?based procedure but with detailed information requirements: ECs must notify the DSO/network operator of plant characteristics, meters, planned production and consumption shares, and 15?minute allocation of non?consumed energy; since April 2024 generation plants and consumers can participate in multiple RECs/CECs, which complicates billing, contracts and customer information.","EECF Austria 2025
Nordic Energy Research EC Report ","REC and CEC activities are exempt from the 1994 Industrial Code and thus are not treated as regulated commercial trades, but the December 2024 evaluation highlights multiple legal ambiguities (profit thresholds, market?premium rules, storage treatment) and calls for clarifications in forthcoming ElWG and EABG legislation.","RECs and CECs must be organised as an association, cooperative, partnership, corporation or similar association with legal personality.","REC members and shareholders can be natural persons, municipalities, specific public?law entities and SMEs; energy suppliers cannot participate and REC participation must not be a main commercial or professional activity; CEC members can be natural or legal persons and local authorities, but control must rest with one or more of the following: natural persons, local authorities, or small enterprises that are not electricity companies.",REC members and shareholders must be located in the vicinity of the production site; energy sharing is restricted to the low?voltage grid plus the low?voltage part of the transformer (local area) or the medium?voltage network plus the MV point in the substation (regional area) within the DSO concession; energy transmission for REC sharing cannot exceed the MV substation level; CECs have no explicit geographical proximity requirement,"Participation in RECs and CECs must be open and voluntary, and both types must have a primary purpose of delivering environmental, economic or social benefits rather than financial profit; in CECs, effective control must be held by natural persons, local authorities or small non?electricity enterprises, while REC statutes must ensure that energy suppliers do not control the entity.","Municipalities, other public?law entities and local authorities may be members of both RECs and CECs and, for CECs, can hold control; the Federal Ministry for Climate Action and the regulator E?Control oversee the framework and evaluations, while the national Coordination Office for Energy Communities and federal?state coordination hubs (e.g. UIV, Energieagentur Tirol) support implementation.","RECs and CECs may delegate operation and maintenance of plants to third parties and must cooperate with licensed DSOs/network operators for metering and allocation; energy suppliers may not be REC members, but producers injecting into local or regional networks and service providers can participate under the general rules",,"COEC and state?level agencies function as governance intermediaries, providing information, templates and guidance to municipalities and citizen groups, while the December 2024 evaluation stresses that unclear profit thresholds and the exclusion of many welfare and non?profit organisations (treated as large companies) from REC participation create equity concerns.","Yes – energy sharing is central to the REC/CEC frameworks; for RECs the main activity is sharing self?generated renewable electricity among members, and both RECs and CECs are covered by common energy?sharing provisions on measurement, allocation, billing and data access","REC: locality?based collective self?consumption and sharing of renewable generation within defined local or regional grid areas; CEC: broader electricity community that can generate, consume, store and sell electricity and be active in aggregation and other energy services across all voltage levels",REC energy sharing is restricted to the LV network plus the LV part of the transformer (local) or the MV network plus the MV point in the substation (regional) within the DSO concession area; energy transmission for shared REC energy cannot exceed the MV substation; CECs have no explicit geographical proximity requirement and may operate at all voltage levels,"DSOs measure and allocate quarter?hourly energy flows for EC participants; suppliers receive only the data relevant to their activity and bill residual consumption, while the REC/CEC or an appointed third party bills the shared energy to members according to the agreed remuneration model, which can include a zero price.","REC and CEC establishment requires detailed notification to DSOs (plants, meters, planned shares, 15?minute allocation of non?consumed energy), and since April 2024 both generation systems and consumers can belong to multiple ECs, which complicates allocation, billing and electricity bills; lack of smart?meter data and non?standardised substitute?value processes further delays energy allocation and settlements.",,"The law requires 15?minute metering for energy sharing, with measured values reduced by the allocated generated energy for balancing; quarter?hourly values must be made available by the next day free of charge via a secure web portal, and DSOs must also transmit data to the regulator for compliance checks and the annual EC report.","Smart?meter roll?out is incomplete (29%, JRC 2022) but mandatory for EC participants; if a network user wishing to join a REC/CEC does not have a smart meter, the DSO must install one within two months.","For energy sharing, metering and allocation are performed every 15 minutes, and quarter?hourly generation and consumption values must be provided to suppliers and the REC/CEC by the following day.","REC/CEC and their members must receive quarter?hourly metering and allocation data free of charge via a safe, user?friendly, encrypted web portal; DSOs must also provide relevant data to the regulator for random and ad hoc checks and for the annual EC report",Vitiello et al,"Current lack of smart?meter coverage and non?harmonised substitute?value processes across DSOs delays allocation and billing, and the December 2024 evaluation recommends clear legal requirements for a uniform substitute?value process to improve EC data handling.","Yes - RECs can be active in aggregation and provide other energy services, and CECs may generate, consume, store and sell electricity and be active in aggregation and energy services for their members.","Aggregators must cooperate with licensed DSOs, and there is no explicit regime for independent aggregators within the EC framework; in principle ECs could act as aggregators, but this is not explicitly regulated as a separate category.","RECs and CECs may aggregate their members’ generation and consumption and provide services such as flexibility or efficiency, but they must comply with general market and DSO rules, and their contribution to system costs and balancing is monitored through a cost?benefit analysis.",,"Grid operators and suppliers retain formal responsibility for balancing and forecasting in most setups, while the regulator’s cost?benefit analysis concluded that, at current levels, RECs/CECs have no significant effect on overall grid tariffs but do impose connection?investment costs on DSOs",Network users have a legal right to participate in RECs/CECs without losing free supplier choice; ECs may sell surplus electricity into the public grid and access support schemes (investment grants and market premiums) under national RES rules.,"ECs typically sell surplus electricity into the public grid and may receive market premiums via tenders; balancing and forecasting are handled by grid operators and suppliers, while ECs’ system?cost contributions, including balancing, are monitored by the regulator.","Federal Ministry for Climate Action, Environment, Energy, Mobility, Innovation and Technology; E?Control (regulator); DSOs and TSOs; the Coordination Office for Energy Communities (COEC) and its regional?level coordination hubs.",PPA Country sheets 2025,,"For REC members, the fixed (capacity?based) portion of the grid fee is reduced in line with lower power drawn from the public grid, and the energy?price (volume?based) part of the grid?use charge on shared energy is reduced according to geography: 57% if the REC operates only at local level; 28% at local level or 64% at regional level for RECs operating both local and regional; these reductions must be shown explicitly on bills in EUR cents/kWh.","For REC members, network?usage fees are calculated separately based on consumption covered by allocated shared energy, with reductions in both capacity? and energy?based components; CECs do not benefit from specific grid?charge reductions because they are not subject to a proximity requirement and may use higher?level networks","From 2023, market premiums are awarded solely through competitive tenders, with tendering requirements applying only partly to wind plants under 20 MW and those operated by RECs/CECs; up to 50% of renewable electricity generated and not consumed within a REC/CEC can receive a market premium based on electricity sold into the public grid, while energy shared and consumed within ECs is not premium?eligible and not counted when determining the renewable levy for consumers; RECs and CECs are also eligible for investment grants (e.g. for PV, storage, hydro, wind, biomass), and the government has committed dedicated funding for establishing ECs",,"The December 2024 evaluation flags ambiguities around market?premium rules and their interaction with EC sharing, which can create uncertainty for long?term offtake and external financing of EC plants","Any network user has a legal right to participate in a REC/CEC without losing supplier choice, and a strong national one?stop?shop (COEC) plus state?level hubs provide information and templates, but transparency about concrete EC opportunities and standard contracts is still limited, which makes it harder for citizens to identify and join communities
Draft provisions for RECs require explicit elements in funding documents regarding member rights","Reduced grid tariffs for REC members and exemptions from the renewable levy for shared energy make EC participation financially attractive, but unclear profit?orientation thresholds and rules on surplus use create uncertainty about how benefits can be distributed, and the proximity criterion can limit socially defined communities that span multiple grid areas.
Ranks 4th globally in energy equity.",,"Jens Lowitzsch et al
RESCoop MECISE Final report",,"Official evaluation identifies unclear non?profit/profit thresholds, ambiguous market?premium rules, lack of clear storage?integration rules, and exclusion of many welfare and non?profit organisations (classified as large companies) from REC participation as significant legal barriers",Competitive tenders combined with capped and partly ambiguous premiums expose ECs to higher revenue uncertainty and make project financing more difficult; there is also a risk of market discrimination if cost?allocation and balancing rules are not adjusted as EC numbers grow.,"Insufficient smart?meter deployment and non?standardised substitute?value processes hinder timely allocation and billing; multi?EC participation and the use of one plant for multiple ECs increase technical and contractual complexity, and the absence of clear storage rules limits the development of more advanced EC configurations","Revenue uncertainty linked to tender?based premiums and unclear surplus?distribution rules, together with the exclusion of many large non?profit organisations from REC membership, constrain capital mobilisation and limit the ability to use ECs for social?sector decarbonisation","Inadequate inclusion of vulnerable households, limited social?tariff models in ECs and the exclusion of many welfare organisations from REC membership mean that low?income and vulnerable groups do not yet benefit proportionately from EC schemes.",Complex billing structures for members participating in multiple ECs and non?standardised contracts for community plants increase transaction costs for both citizens and suppliers,"Strong national one?stop?shop (COEC), clear REC/CEC legal frameworks, reduced grid tariffs for RECs and planned legislation (ElWG, EABG) to simplify approvals and support small?scale energy exchange create a solid foundation; the 2024 evaluation suggests targeted reforms (profit thresholds, storage rules, vulnerable?household inclusion, broader REC eligibility) to enhance justice and scalability of ECs.",EECF Austria 2025,
Belgium,"Centralised, nuclear?anchored system with growing gas and renewables; transmission and large?scale generation are federal competences, while regions control distribution, retail regulation and most renewables",Fully liberalised wholesale and retail electricity markets with multiple suppliers and DSOs; historical incumbents (notably ENGIE Electrabel and regionally dominant DSOs/suppliers) still hold significant market shares despite formal unbundling.,"Moderate but increasing RES share, with onshore wind and solar PV as the main growth vectors; hydro is limited and biomass plays a secondary role, with regional targets and support schemes driving additional PV and wind deployment.","Single national TSO (Elia) responsible for transmission, system operation and offshore integration at federal level, combined with a fragmented DSO landscape where multiple regional and municipal DSOs operate low? and medium?voltage networks under Flemish, Walloon and Brussels?Capital regulation.","Several hundred initiatives across Belgium, with dozens of formally registered or emerging RECs/CECs per region and a larger ecosystem of legacy energy cooperatives; recent regional fiches point to a rapidly growing pipeline rather than a fully stabilised national registry.","No explicit, large?scale cVPPs identified in official registries; instead, there are EC?type pilots with advanced management and flexibility features in Flanders and some regional smart?grid and flexibility projects that could evolve toward cVPP configurations","Belgian ECs are predominantly centred on rooftop and small?scale PV, often combined with collective self?consumption and local sharing; there is additional activity around onshore wind cooperatives and early experiments with storage, EV charging and flexibility services, especially in Flanders and Brussels.",EECF Belgium (3) 2025,"The division of competences between federal and regional levels produces three distinct regional EC frameworks layered on a shared federal market structure, which is analytically useful for understanding how tariff design, data access and energy?sharing rules shape EC and cVPP prospects within one country. The strong tradition of citizen energy cooperatives provides organisational capacity and capital for ECs, but the complexity of multi?level regulation and DSO fragmentation can raise transaction costs and complicate the emergence of fully fledged cVPPs","Yes – REC is defined in federal primary law (Law of 23 October 2022 amending the Act of 29 April 1999 on the electricity market) and in regional primary/secondary legislation in Flanders, Wallonia and Brussels (energy/market decrees and ordinances), as an autonomous legal entity with open and voluntary participation, effective local control and a primary environmental, economic or social benefit purpose.","Yes – CEC is likewise defined in the same federal law and in regional electricity/energy acts (Flemish Energy Decree, Walloon Decree of 5 May 2022, Brussels Ordinance of 20 April 2022) as a specific legal entity; RECs and CECs are both recognised, and “energy community” is generally used as an umbrella term that includes both rather than merging them into a single undifferentiated category","Partial to advanced – REC and CEC definitions and basic rights have been transposed at federal and regional levels, including energy?sharing possibilities and an enabling framework, but several Clean Energy Package elements remain incomplete or uneven (for example, fully harmonised simplified licensing, balance?responsibility arrangements and EC?specific tariff rules are still being developed and differ between regions)","RECs and CECs may produce, self?consume, store and share energy, provide or participate in energy services, act as flexibility or aggregation providers, sell electricity (including under PPAs) and offer EV?charging services, with financial responsibility for imbalances that can be delegated to a balancing?responsible party. They have a right to cost?reflective, non?discriminatory network tariffs and protection against disproportionate technical, administrative and licensing requirements, although in practice many market?facing activities still require cooperation with licensed suppliers or aggregator","Yes – there is a dedicated EC framework spread across the federal electricity?market act (as amended by the Law of 23 October 2022) and regional instruments: the Flemish Energy Decree and implementing decisions, the Walloon Decree of 5 May 2022 plus the Government decision of 17 March 2023, and the Brussels?Capital Ordinance of 20 April 2022 on the organisation of the electricity and gas markets.","ECs must adopt a general legal form under company or association law and include detailed EC?specific clauses in their statutes (control, proximity, objectives, profit use, entry/exit rules), then register or be authorised with the relevant regional regulator (e.g. Brugel in Brussels, CREG/CWaPE/VREG frameworks) and act as a single point of contact for the DSO. They face region?specific notification, metering and data?exchange procedures, and while the law prohibits disproportionate requirements, the multiplicity of regional rules, statutory content conditions and ongoing balance?responsibility and licensing obligations creates a relatively high administrative burden, especially for small citizen groups",EECF Belgium (3) 2025,"Belgium’s EC framework is explicitly multi?level: federal law embeds REC/CEC concepts and some rights (especially around tariffs, flexibility and offshore participation), while concrete implementation, registries and many practical rights and obligations are defined by three distinct regional regimes. Pre?existing energy cooperatives remain important vehicles and often act as de?facto energy communities, but they must now navigate both cooperative law and layered EC?specific rules, which can blur the line between “legacy” cooperatives and formally recognised RECs/CECs in empirical mapping","Energy communities must take a standard legal form under Belgian company/association law; in practice, this includes cooperatives, non?profit associations and companies, with municipalities and other public bodies able to participate or co?found entities. Pre?existing citizen energy cooperatives remain a key vehicle, especially in Flanders and Wallonia.","Members and shareholders can include natural persons, local authorities, educational institutions, associations, other energy communities and SMEs, provided that participation in ECs is not their main commercial activity. ECs must be primarily non?profit?oriented (main purpose = environmental, economic or social benefits), and Wallonia explicitly restricts any single member or related group from holding 50% or more of voting rights to preserve autonomy; similar “effective control” safeguards appear in Brussels and Flanders via statute requirements","REC control must be exercised by members located near the production facilities or within the local area defined in regional law or in the EC’s statutes (especially explicit in Wallonia and Brussels), whereas CECs focus more on control by eligible non?large actors and have looser geographical proximity conditions","Participation in ECs is open and voluntary, based on objective and non?discriminatory criteria, and citizens retain their full rights as network users. Regional frameworks require democratic governance and effective control by citizens, municipalities and SMEs (via voting?rights and autonomy rules), which ensures that citizen and local?authority categories collectively dominate decision?making even where there is no explicit numeric threshold beyond Wallonia’s 50% rule.","Local authorities can join and co?own projects as members or shareholders and in some cases initiate ECs, provided they respect autonomy and non?profit?purpose requirements and do not exercise dominant control. Regions also support ECs through regulatory oversight and support schemes, with regulators such as Brugel maintaining EC registers and guidance","Commercial suppliers, aggregators and service companies may cooperate with ECs, including via project development, operation, billing, data management and flexibility services, and may hold minority stakes as long as they do not undermine autonomy and effective control by citizen and local actors. 
Flemish rules explicitly allow delegation of installation, operation, data processing and maintenance to third parties without those third parties becoming ECs, which facilitates more advanced flexibility? or cVPP?type setups while keeping governance in community hands",,"Citizen?majority and citizen?municipality?majority co?operatives dominate the Belgian EC landscape, building on a long cooperative tradition, while regional rules tailor autonomy and control tests differently (hard 50% cap in Wallonia, detailed statute?based “effective control” tests in Brussels and Flanders). This combination produces a family resemblance to Austria/Netherlands?style flexibility?oriented regimes in Flanders and to France?style statute?heavy, regulator?supervised regimes in Brussels, with Wallonia somewhere in between.","Yes – energy sharing from renewable sources is permitted in all three regions via legal frameworks for collective self?consumption and energy sharing, implemented through energy communities and, in some cases, peer?to?peer or “two?meter” sharing models that allocate production among participants using the public distribution grid.","Dominant models are collective self?consumption and local energy sharing of PV (and other RES) behind the public distribution grid, with ECs organising allocation while residual supply and imbalance remain with commercial suppliers or delegated balancing?responsible parties.","Energy sharing must occur within a single regional DSO area and is typically constrained by proximity criteria embedded in REC definitions and sharing rules (e.g. local area or feeder level), with Brussels also offering peer?to?peer sharing between two meters within the region; business?to?business sharing remains more constrained than residential and EC?based sharing.

","Participants generally keep individual supply contracts, and in several Flemish and Walloon configurations energy sharing currently requires all participants to share the same supplier, who handles residual supply, settlement and market interface, while the EC or organiser manages allocation rules; Brussels allows ECs to share electricity without a supplier licence but they must be balancing?responsible or delegate that role","Energy sharing is subject to strict metering (smart meters with quarter?hourly data), authorisation or registration with regional regulators, and detailed DSO validation of sharing perimeters and allocation rules, with authorisations time?limited (e.g. 5–10 years) and renewable. Key bottlenecks identified in pilots include the need for a common supplier in many cases, region?specific tariffs that can erode economic benefits, and complex choices of sharing and billing rules, all of which increase transaction costs for small ECs",,"Most Belgian ECs and sharing initiatives rely on default or simple allocation rules (often proportional to consumption or predefined shares) validated by DSOs and regulators, with more advanced dynamic sharing and flexibility use still limited to pilot projects. Regional differences matter: Flanders experiments more with multiple sharing variants (intra?building CSC, peer?to?peer, “self?sharing”), Brussels emphasises regulated EC?based and two?meter sharing under Brugel supervision, and Wallonia uses an explicit authorisation regime where CWaPE approves energy?sharing activities within defined perimeters","Medium to high - digital meters are being rolled out nationwide but on different timelines: Flanders is in the final phase with a target of 100% digital meters by mid?2029, Wallonia aims for full rollout by end?2029, and Brussels plans to equip almost all residents by 2030, with early roll?out and specific groups already covered. Participation in energy?sharing schemes requires a digital/smart meter capable of quarter?hourly measurement",15?minute data aligned with the balancing period are used for energy?sharing and CSC allocation and are transmitted daily (quarter?hourly series plus monthly totals) from DSOs to suppliers and relevant actors,"DSOs collect quarter?hourly consumption and injection data and automatically send them to suppliers for billing and settlement; for energy sharing, DSOs or data hubs also compute or provide allocation data to the organiser/EC and apply the appropriate metering regime. Individual members can access their own data via DSO/supplier portals, and in Brussels specific third?party data?access procedures allow authorised entities (with a mandate) to receive consumption data via secure channels, enabling external service providers to support ECs and building managers",Vitiello et al,"Key barriers include the incomplete rollout of smart meters (especially outside Flanders), the requirement for digital meters as a precondition for joining energy?sharing schemes, and the complexity of data?access and consent procedures for third?party optimisation or cVPP?type services. Academic and policy analyses also highlight that, although 15?minute data are technically available, standardised processes for substitute values, historical data access and cross?regional interoperability remain under development, which can slow down advanced flexibility use cases",Yes – ECs can provide flexibility and aggregation services for both generation and demand?side resources; regional and federal frameworks explicitly list aggregation and participation in flexibility services among EC activities,"Independent aggregators (often termed flexibility service providers) are recognised as distinct market participants and can offer services without needing supplier consent, using Belgium’s transfer?of?energy (ToE) mechanism to settle imbalances and energy volumes with suppliers/BRPs. ECs can therefore either rely on independent aggregators for flexibility and market access or work through their existing supplier arrangements","REC and CEC frameworks in all three regions allow ECs themselves to act as aggregators and flexibility providers: they may aggregate members’ generation, storage and flexible demand, participate in flexibility services and offer aggregation to DSOs/TSO or markets, without a separate “community aggregator” licence beyond general market?participant requirements. In practice, many ECs delegate technical and market functions to specialised aggregators or suppliers while retaining strategic control and benefit?sharing rules at community level.",Nordic Energy Research independant aggregator 2022,"Interaction with DSOs and Elia is still evolving: pilot projects show ECs providing local flexibility (e.g. congestion management, virtual islanding, reserve services), but standard products and procedures for EC?based flexibility are not yet fully mainstreamed. Academic work points to promising roles for “community aggregators” in hosting?capacity enhancement and DSO?contracted services, but highlights transaction?cost and coordination challenges, especially around data, baseline definitions and remuneration models for independent aggregation","ECs are formally recognised as market actors with the right to access electricity markets in a non?discriminatory manner, either directly or via aggregation; they can sell electricity through suppliers/PPAs, access green certificate and other RES support schemes, and, in principle, participate in balancing and emerging local flexibility services. In practice, most ECs operate mainly in retail/self?consumption and support?scheme channels, with flexibility and balancing participation still at pilot or early?stage level","Direct participation of ECs in wholesale day?ahead and intraday markets is legally possible but uncommon; most ECs rely on PPAs with suppliers, sell surplus under support schemes (e.g. green certificates) or work through suppliers/aggregators who hold the necessary market access and balancing responsibilities","Key actors for EC market access include the federal regulator and regional regulators (notably Brugel in Brussels and CWaPE in Wallonia), the TSO Elia, regional DSOs, and community and cooperative federations such as REScoop?linked organisations that provide legal and technical support. Support schemes and policy programmes—such as regional green certificate systems and energy?sharing pilot frameworks—also shape the practical routes to market for ECs.",,"Belgian transposition emphasises non?discriminatory market access and level?playing?field principles for RECs and CECs, ensuring they are treated like other market participants while retaining consumer rights. However, the absence of fully developed local flexibility markets and the reliance on intermediaries for wholesale and balancing access mean that, at present, ECs’ market participation is structurally biased toward energy?sharing, retail?level optimisation and support schemes rather than direct multi?market engagement","Shared and self?consumed electricity in Belgian ECs still pays network charges; there is no general exemption, but tariffs are meant to be cost?reflective and non?discriminatory, and in Brussels the DSO applies lower network charges for energy shared over shorter grid distances (e.g. within the same substation).","Belgium is moving towards capacity?based distribution tariffs: in Flanders and increasingly elsewhere, part of the grid fee is based on peak demand (“capacity tariff”) and part on kWh consumed, which also applies to EC members. In Brussels, network charges for shared energy are differentiated by grid level and proximity (same building, same MV/LV substation, above substation), with closer sharing attracting lower network?use prices, explicitly to encourage local energy sharing","Energy communities can access general RES support such as regional green certificate schemes and investment grants; in Brussels, all ECs are eligible for the Green Certificates Scheme for exported production, and there are dedicated loan programmes for cooperatives, non?profits and condominium PV. Flanders offers a “green energy call” investment support programme for medium?sized PV and small/medium wind that includes measures for ECs, and at federal level offshore RES tenders are designed to allow EC investment and ownership as part of the tendering process",,"Recent tariff reforms (capacity?based distribution charges and complex network?charge structures for shared energy) mean that ECs must actively manage peaks and design sharing rules to remain economically viable; empirical work on Belgian pilots finds that network?tariff adjustments or rebates are often needed for energy?sharing communities to break even under “normal” price conditions. At the same time, proximity?based tariff reductions in Brussels and targeted investment support in Flanders create important levers for EC viability, so pricing and support can either significantly enable or undermine EC and cVPP business cases depending on the region and design details",,,,,,"Ambiguous and regionally fragmented rules (e.g. differing proximity definitions, voting?rights safeguards and authorisation procedures) create complexity and uncertainty for EC founders. Some key notions (such as “local perimeter” and detailed conditions for collective self?consumption in Wallonia) remain to be fully specified or harmonised, and supplier?licence requirements still limit straightforward member?to?member sales in many configurations.","Routes to monetise flexibility and local services remain underdeveloped: there is no mature local flexibility market, and EC participation in balancing and ancillary services is largely confined to pilots. Complex tariff structures, PPA arrangements and the need for supplier or aggregator intermediation make it difficult for small ECs to capture the full value of their flexibility and shared generation","Incomplete smart?meter rollout, especially outside Flanders, and the requirement for quarter?hourly digital metering for energy sharing limit who can join ECs and when. Metering and data?management for multi?site or multi?EC participants are complex, with evolving rules around allocation, substitute values and interoperability between regional systems.","Under typical retail price conditions, energy?sharing communities often struggle to break even without specific tariff adjustments or subsidies, as network charges and administrative costs can offset savings from self?consumption. Small citizen projects face high transaction costs relative to project size and can find it difficult to secure bank finance or compete with professional developers for access to the best sites and support schemes.

","Awareness and understanding of ECs remain uneven, particularly among low?income households, SMEs and non?energy civil?society actors, limiting the pool of initiators and members. Many initiatives rely on volunteers and a small core group of motivated individuals, leading to capacity constraints and burnout risks, while concerns about “corporate capture” can create mistrust when commercial actors are involved.","Spatial and ownership constraints (e.g. fragmented building ownership, landlord?tenant issues, limited rooftop suitability) hinder the formation of ECs in dense urban areas and mixed?use neighbourhoods. Grid constraints and connection delays in some areas also slow down new RES and storage projects that could underpin ECs or cVPPs","There is strong policy interest in ECs and energy sharing across all three regions, with emerging calls for projects, advisory services, tariff pilots and investment support tailored to community initiatives, plus a dense network of cooperative and NGO actors providing expertise. Academic and policy analyses stress that targeted reforms—simplifying procedures, refining tariffs for local sharing and flexibility, and strengthening non?profit/anti?capture safeguards—could unlock significant additional EC and cVPP potential in Belgium’s already dynamic community?energy ecosystem.",,
Denmark,"Wind?dominated, decentralised electricity system with strong district heating and combined heat-and-power integration, high interconnection to Nordic and European neighbours, and a long-term goal of fully renewable, fossil?free energy by 2050.","Fully liberalised “supplier?centric” electricity market: since 2013 end?users contract only with competitive suppliers, who interface with Energinet as TSO and geographically bounded DSOs; entry barriers for new retailers are relatively low but incumbents and large cooperatives remain influential","Very high renewable penetration led by wind: wind power represents roughly half of Danish electricity supply and Denmark has one of the highest per?capita wind outputs globally; bioenergy, waste and increasingly large?scale solar thermal dominate district?heating renewables, with solar PV expanding from a lower base.","State?owned TSO Energinet operates the transmission grid and interconnectors; electricity distribution is handled by multiple local DSOs with geographic monopolies, many municipally or cooperatively owned, while almost all district?heating networks are run by cooperatives or municipalities, reinforcing local control over infrastructure.","At least several hundred community?energy initiatives, including 527 identified energy cooperatives and community projects, with some wind and at least 325 district?heating cooperatives (i.e TEC - Thermal Energy Communities) ; no single, consolidated national EC registry exists yet","No explicitly labelled community virtual power plants identified; community projects focus on ownership of generation (especially wind and heating), with flexibility and aggregation mostly handled by suppliers, balance responsible parties and larger commercial aggregators","Predominantly onshore and near?shore wind, biomass and waste?fired combined heat-and-power, district?heating systems increasingly integrating large?scale solar thermal and heat pumps, and growing but still smaller?scale solar PV","Herreras Martínez et al
RESCoop Tracker
",,"Yes – Renewable Energy Communities are defined in the Law on the Promotion of Renewable Energy and in a 2021 Executive Order, which sets out a REC definition aligned with RED II (open and voluntary participation, autonomy, effective control by local members) and anchors it in primary law but operationalises key details via secondary legislation.","Yes – Citizen Energy Communities are defined together with RECs in the same Executive Order under the Electricity Supply Act; the CEC definition mirrors the EU electricity?market directive criteria (open and voluntary, effective control by non?large actors) but does not include a geographical proximity requirement and is thus framed as a distinct electricity?market category alongside RECs","Partial – Denmark has introduced REC and CEC definitions in primary and secondary legislation and allowed electricity sharing, but several RED II/ED elements remain weak or missing: the supportive enabling framework is underdeveloped, exemptions from balance responsibility and supplier obligations are limited, and implementation of EC?specific rights in support schemes and tariffs is still incomplete","RECs and CECs may produce, consume, store and share electricity via the public grid and participate in the electricity market as consumers, producers, electricity trading companies or aggregators, but for all activities other than the shared electricity itself they must comply with the full set of obligations applicable to regular suppliers and traders; they have no explicit right to own or operate public distribution networks and must generally contract with a licensed supplier to handle billing, balancing and market interface unless they themselves become a fully licensed trading company","Yes – REC and CEC provisions have been introduced through revisions of the Law on the Promotion of Renewable Energy and the Electricity Supply Act, supplemented by an Executive Order that jointly defines RECs and CECs and additional orders on electricity sharing and support grants for local community projects, but there is no single consolidated “energy communities act","No separate EC registry exists; RECs and CECs must be set up in standard legal forms (association, partnership, cooperative or company), demonstrate compliance with REC/CEC criteria, notify DSOs and contract with an electricity trading company for sharing, and they face essentially the same licensing, balancing and supplier?obligation requirements as conventional market actors if they want to supply or trade electricity themselves, which creates significant administrative burdens for small citizen groups.","Norden - Nordic Energy Research 2023
EECF Denmark 2025
","Denmark has layered REC/CEC definitions onto a long?standing cooperative and municipal ownership landscape without creating a strongly differentiated rights regime for energy communities: while RECs and CECs are legally recognised and can engage in electricity sharing, many of their rights and obligations are treated as equivalent to those of regular suppliers and aggregators, and key supportive elements (simplified licensing, balance?responsibility exemptions, EC?specific tariff rules) remain underdeveloped or delegated to future secondary legislation.","Associations, partnerships, cooperatives (andelsselskaber / co-ops), and capital companies (e.g. limited companies); energy communities typically use cooperative or association forms, but can also be organised as limited?liability companies.","Members and owners of RECs/CECs can be natural persons, SMEs, local authorities and other legal entities; effective control must not be exercised by large enterprises or energy companies, and REC/CEC rules require that decisive influence remains with local citizens, small actors and public bodies, with voting and ownership structures designed to prevent capture by large commercial players","For Renewable Energy Communities, effective control is expected to be exercised by members located in proximity to the RES projects (same or nearby area without specific distance). Citizen Energy Communities do not have a strict geographical proximity requirement and may include members from across Denmark as long as control remains with eligible small actors.","Energy communities are open to citizen membership through cooperative shares or association membership, with one?member?one?vote or similar democratic rules common in co?ops and associations; historically, Danish wind and district?heating cooperatives have mobilised large numbers of local citizens as co?owners","Municipalities and other local public bodies can join RECs and CECs as members or co?owners and continue Denmark’s long tradition of municipal involvement in energy: many DSOs and district?heating companies are municipally or cooperatively owned, and several recent community projects have been initiated, co?developed or strategically supported by municipalities seeking local climate and energy goals","Commercial RES developers, large utilities and professional service providers frequently co?develop or operate wind, solar and heating projects alongside citizen and municipal investors; under REC/CEC rules they may participate as members or service providers but are restricted from exercising decisive control, and licensed suppliers/trading companies typically handle market interface, billing, balancing and data management for energy?sharing or flexibility services offered by communities","Norden - Nordic Energy Research 2023
EECF Denmark 2025
","Market conditions and concentration in the wind sector mean that many newer projects involve significant commercial partners, and activists have criticised a shift from genuinely citizen?led to more corporate?dominated ownership structures","Yes - regulations on energy sharing permit electricity sharing within a single building such as a housing cooperative, but electricity sharing outside of a building is only possible through the collective grid and is subject to the general tariffs and taxes.","Energy communities exist as eco-villages, small-scale domestic heating systems in rural communities, and cooperatives focusing on local wind and solar panels on residential buildings.
Electricity sharing is implemented as collective self-consumption / virtual allocation of local renewable production, with the energy community or its representative defining sharing coefficients while a licensed electricity trading company supplies residual demand and handles market settlement.","Behind-the-meter models are confined to one building or common connection point, while grid-based electricity sharing is currently limited to local use within the same distribution grid area and is still being operationalised, with no widely used large-radius model comparable to the 20 km schemes seen in some other EU countries.","Participants in Danish RECs/CECs must have, or be covered by, a contract with a licensed electricity trading company: electricity sharing takes place under this supply contract, which covers both shared volumes and any additional consumption, and if the community itself wishes to act as supplier it's possible but  it must obtain a full trading licence and comply with all supplier obligations","Electricity sharing is legally enabled but constrained by high regulatory and contractual complexity: RECs/CECs must arrange supplier intermediation even though suppliers are not obliged to serve them, all standard grid tariffs and taxes still apply to shared electricity, and there are no dedicated, lower “local sharing” tariffs; DSOs are formally required to cooperate where sharing can reduce grid load, but in practice administrative barriers and lack of clear procedures mean that many initiatives report difficulties in obtaining cooperation and some projects have been abandoned","EECF Denmark 2025
RESCoop Tracker
Herreras Martínez et al","energy sharing is allowed only via supplier-mediated models on the existing grid, with full application of tariffs and taxes and no strong EC-specific incentives, so most existing community activity still centres on traditional generation and district heating rather than on large-scale, grid-based energy sharing and energy services","?80 to 100% rollout (2020); smart meters are now standard for virtually all Danish electricity customers, with DSOs having replaced legacy meters and integrated them into the national DataHub","15?minute data resolution for settlement and market processes, in line with the 15?minute balancing and settlement period introduced in the Danish market; DataHub processes detailed interval data for all metering points","DSOs collect meter data and send it to the central DataHub operated by Energinet; suppliers and other authorised market participants access the interval data they need for billing and settlement via DataHub, while end?users can view their own consumption and price information through supplier portals or the national eloverblik.dk interface, and energy communities or their representatives can receive aggregated and allocation data when acting as authorised market parties","Vitiello et al
Energinet ","Denmark’s combination of near?universal smart metering and a mature, centralised DataHub significantly reduces technical data barriers for energy communities and flexibility services compared to other countries. Remaining challenges relate more to regulatory design (e.g. tariff structures, supplier obligations, roles of independent aggregators) than to basic metering or data availability","Yes – aggregation of both generation and demand?side flexibility is allowed under general electricity?market rules, and RECs/CECs may in principle act as aggregators or contract with aggregators for participation in wholesale and ancillary?services markets","Independent aggregators separate from suppliers are recognised in Danish market design, especially through the Market Model 3.0 reforms, which relax earlier requirements to link aggregators to a specific retailer/BRP; however, in practice independent aggregation is still emerging and subject to contractual arrangements with balance responsible parties, with relatively few fully independent aggregators active so far","Energy communities can, in principle, provide aggregation services themselves by becoming licensed market actors (aggregators or trading companies) or by partnering with existing aggregators; there is no separate “community aggregator” licence or simplified regime, so ECs face the same technical, forecasting and balancing requirements as other aggregators, and most current Danish ECs focus on ownership and local sharing rather than on direct participation in ancillary?services markets as aggregators","A.V Gade et al
Energinet's Market Models for aggregators
DR4EU/Crone et al 2022
Nordic Energy Research independant aggregator 2022",,"Energy communities can participate in the Danish market mainly by owning generation and selling output via standard channels (feed?in contracts, PPAs or direct marketing through suppliers/traders), by acting as customers on retail tariffs (including dynamic tariffs) and, where they or their partners qualify, by providing demand?side flexibility or generation to balancing and ancillary?services markets; there is no dedicated local flexibility market specifically for ECs, and ECs access existing national markets under general rules.","Direct wholesale market participation is legally possible for ECs that become licensed trading companies, but in practice most Danish energy communities sell power indirectly via PPAs or standard supplier arrangements and do not themselves register as balance responsible parties or direct wholesale participants","Key actors for EC market access are the Danish Utility Regulator (Forsyningstilsynet) as energy regulator, Energinet as TSO and DataHub operator, local DSOs as grid operators, competitive suppliers and aggregators as market intermediaries (40+), and national/community organisations and programmes that support citizen ownership and REC/CEC implementation. The main public bodies regulating and supervising the Danish energy market are the Danish energy agency (DEA), responsible for tasks linked to energy production, supply, and consumption, and the Danish Utility Regulator (DUR), responsible for securing consumer interests in the utility sectors. Both agencies answer to the Ministry of Climate, Energy and Utilities.",PPA Country sheets 2025,"Market rules formally guarantee non?discriminatory access to wholesale and balancing markets and to DataHub for all eligible market participants, including energy communities acting through suppliers or as licensed traders; however, Denmark has not created specific priority?access, reduced?tariff or simplified?licensing provisions for ECs, so their market access conditions are essentially the same as for other small generators and consumers, with suppliers and aggregators acting as gatekeepers in practice.","Shared and self-consumed electricity in ECs is generally treated like other consumption and pays standard distribution network tariffs on imports from the grid (volumetric grid charges plus fixed components), but a 2023 amendment to the Electricity Supply Act allows DSOs to introduce reduced and geographically localised grid tariffs for local associations of users, including energy communities, where their use of the grid demonstrably reduces network costs; these EC-specific reductions depend on DSO tariff methodologies approved by the Danish Supply Authority and are not yet widely implemented in practice","DSO tariffs typically combine a fixed subscription/connection component with volumetric øre/kWh charges (and increasingly time-of-use or dynamic elements), differentiated by voltage level and customer segment; for small prosumers and EC members, distribution charges are calculated on gross electricity drawn from the grid plus a small availability fee, so even when they have rooftop PV or participate in an EC they still contribute to grid costs in broadly the same way as comparable non-generating customers","Renewable generation owned by ECs primarily relies on technology-specific premiums and competitive tenders under the Promotion of Renewable Energy Act (VE-Lov), with feed-in premiums or contracts-for-difference paid on top of market prices up to capped budgets; in parallel, Order BEK 1162/2022, updated by BEK 451/2024, establishes EC-specific grants for local energy communities and local anchoring of the climate transition, funding both information projects (DKK 10 000–200 000) and larger demonstration projects (DKK 20 000–750 000) that involve generation, sharing, storage, flexibility, aggregation or renewable heating/cooling and aim to strengthen long-term local engagement.","EECF Denmark 2025
https://ens.dk/tilskud-og-puljer/tilskuds-stoetteordninger ","In Denmark, generic RES support (premiums and tenders) is technology- and project-based rather than EC-specific, while network tariffs remain largely cost-reflective and applied to ECs on the same basis as other customers; the new legal option for reduced, localised tariffs and targeted EC grants improves the enabling framework on paper, but the lack of broadly implemented EC-local tariffs and the move away from fixed feed-in schemes towards competitive tenders and dynamic tariffs mean that small citizen projects still face tight margins and depend heavily on good PPAs, strong local organisation and access to grant funding to remain financially viable",,,,,,"Except for the electricity that is shared, REC and CEC must comply with all obligations the existing grid suppliers have, restricting the size and efficiency of renewable energy installations that can be established by RECs and CECs. The Ministry may also lay down rules exempting CEC from certain rules and obligations associated with electricity supply obligations and aggregation to its participants and capital owners, but they have not yet done so.
Production and supply – not just distribution – are required to be unbundled from each other. This could prevent energy communities, at least in the electricity sector, from being able to fully exercise their rights.
Complex supplier, balance-responsibility and market-participation rules for ECs; ECs cannot own or operate distribution networks and must rely on licensed trading companies for electricity sharing, which also limits autonomous operation.","In an Executive Order, it is stated that DSOs are obliged to cooperate with RECs and CECs in cases where their activity can reduce the load on the grid. In practice, it has been very difficult to make DSOs comply with this regulation, leading to several cases where RECs and CECs have given up due to administrative barriers. Electricity sharing in REC and CEC takes place under an agreement on the supply of electricity with an electricity trading company, which handles offsetting and distribution based on their needs. This supply contract includes both the shared energy consumed and the additional electricity needed to cover the demand. Should the EC decides to fulfill itself the requirement for an agreement, it must comply with all the obligations for the performance of electricity trade business.","Electricity sharing requires full integration with DataHub processes and Energy Track and Trace guarantees of origin, creating technical and IT requirements for small citizen groups despite the near?universal smart-meter rollout","Larger, professional actors are favored by the competitive tenders and market-linked premiums. EC specific tariffs reductions are technically feasible yet they have yet to be implemented. DSOs/suppliers control most of the market activity, while EC bear the greater financial burden and risks. No real financial viability/business models for EC, and there is no true financial incentive for energy sharing or flexibility services","Legacy of strong citizen and municipal ownership coexists (large wind farms and TECs) with a shift towards more corporate-dominated wind and solar projects. Awareness of ECs, organisational capacity and resources are concentrated in already active communities while less organized or lower-income groups are underrepresented in EC initiatives.","Planning and siting constraints for wind and solar (land-use, landscape and local acceptability issues) can limit opportunities for new citizen-led projects even where legal and financial frameworks exist","Simple registration regime as EC. Flexibility reform with Model 3.0, mandatory accession to DSO if alleviates grid pressure (in theory)  and a recent option for reduced, localised grid tariffs.","EECF Denmark 2025
RESCoop Tracker
Kirkegaard et al
Herreras Martinez et al
JRC/Spasova et al
Oteman et al
Mey et al",
Germany,"Liberalised, meshed continental system with strong cross?border interconnections and a historically centralised “Big Four” utility structure, now complemented by hundreds of municipal utilities and citizen?led RES actors.","Fully liberalised wholesale and retail market with unbundled TSOs and DSOs, competitive suppliers and balancing?responsible parties, though generation and retail remain relatively concentrated among a few large companies alongside many smaller municipal and citizen players.","High and still growing renewable share under the Energiewende, with wind (onshore and offshore) and solar PV as main sources; RES benefit from EEG?based support (now mainly market premiums and tenders) and priority grid access, and private individuals and farmers still own a substantial share of RES capacity","Multiple TSOs (e.g. 50Hertz, Amprion, TenneT, TransnetBW) operate the transmission network, while a large number of DSOs—including many municipal utilities—run local distribution grids; DSOs handle most RES feed?in, and municipal ownership remains significant despite past consolidation and privatisation waves.","Around 1?750 community?energy initiatives identified (including energy cooperatives and other citizen?led organisations), with roughly 896 energy cooperatives active by 2020; Germany has the largest number of such initiatives among JRC case?study countries.","No national category of cVPPs; most community initiatives focus on generation, supply and, in some cases, local optimisation or pilot?scale flexibility services rather than fully fledged community virtual power plants.","Energy cooperatives are mainly active in solar PV (around 80% of projects), with significant participation in onshore wind and some activity in heat, bioenergy and local supply; many projects feed into public grids under EEG support rather than operating as pure self?consumption schemes.",,,"Yes - Germany has aligned its long?standing “Citizen Energy Company” (Bürgerenergiegesellschaft) concept in the Renewable Energies Law (EEG 2023) with the Renewable Energy Community definition in RED II; the Citizen Energy Company definition now applies to onshore wind and PV and governs access to market premiums, exemptions from auction participation and a dedicated grant?to?loan investment. Feb 2026: comprehensive amendment to Energy Industry Act (EnWG) which formally allows energy-sharing (although includes strong supplier/aggregator obligations).","No - Germany has not transposed the Citizen Energy Community definition (IEMD) as a separate legal category; there is currently no stand?alone CEC status in national electricity law, although EnWG reforms (including new energy?sharing provisions in Feb 2026) introduce elements that are relevant for CEC?type activities without using the label","Partial – Germany has a REC?equivalent definition in EEG 2023 via the Citizen Energy Company (Bürgerenergiegesellschaft) and has begun to introduce an energy?sharing regime in EnWG, but it lacks a clear CEC definition and a fully integrated enabling framework that comprehensively sets out EC rights, obligations and barrier?removal duties across the electricity system","Citizen Energy Companies under EEG 2023 have specific rights linked to RES support schemes: eligible onshore wind projects up to 18 MW and PV projects up to 6 MW can receive fixed feed?in tariffs or market premiums without participating in competitive tenders if they notify the Federal Network Agency within strict deadlines, and qualifying projects can access a federal grant?to?loan investment fund for early?stage wind development; beyond these scheme?based rights, ECs operate under general market, grid?access and data rules in EEG and EnWG.","The CEC can be considering a dedicated framework although there is no single “Energy Communities Act”; rather, the framework is spread across the Renewable Energies Law (EEG 2023 via the Citizen Energy Company definition), the Energy Industry Act (EnWG) for market rules and emerging energy?sharing provisions, and the Cooperatives Act (GenG) for the many energy cooperatives that pre?date the Clean Energy Package and still operate as such. ","Citizen Energy Companies must comply with both the general requirements of their legal form (e.g. cooperative registration and auditing duties under GenG) and with EEG?specific conditions for Citizen Energy Company status (minimum 50 natural?person members, 75% local voting rights within 50 km, SME/municipal limits for non?natural members, 10% cap per member), and they must notify the Federal Network Agency within three weeks of key permitting or commissioning milestones to secure tender exemptions, feed?in tariffs and access to the wind investment fund; other community initiatives that do not seek Citizen Energy Company privileges operate under general cooperative and company law but do not benefit from these scheme?linked advantages.","EECF Germany 2025
Lopez et al ","Germany’s EC legal framework is layered on long?standing cooperative and municipal practice: hundreds of energy cooperatives continue to operate under the Cooperatives Act, while EEG 2023 formally aligns the Citizen Energy Company with RED II’s REC concept to structure access to premiums, tender exemptions and wind?project investment support; at the same time, Germany has deliberately not introduced a separate CEC definition and still lacks a unified EC statute, so many rights and obligations remain embedded in general EEG/EnWG provisions rather than in a dedicated energy?community title","German energy communities use several company forms: GbR (Gesellschaft bürgerlichen Rechts) with very low administrative burdens and no minimum capital but unlimited liability of members; GmbH & Co. KG, typically chosen for larger investments with liability limited to each partner’s capital share; and, most importantly, the registered cooperative (eingetragene Genossenschaft, eG), which is now the most common legal form for energy communities, subject to the Cooperatives Act and pre?registration scrutiny of the business plan and statutes by a cooperative association, making it relatively insolvency?proof though more capital? and admin?intensive than a GbR.","Citizen Energy Companies must consist of at least 50 natural persons with voting rights; at least 75% of voting rights must be held by natural persons living within 50 km of the installation, non?natural voting rights are restricted to SMEs and municipal local authorities, and no member or shareholder may hold more than 10% of voting rights, ensuring dispersed, citizen?dominated ownership and preventing capture by single large investors.","For Citizen Energy Companies, at least 75% of voting rights must be held by natural persons registered with a dwelling in postcode areas wholly or partly within a 50 km radius of the planned RES installation, so effective control is tied to local residents; there is no additional grid?topology perimeter (e.g. LV/MV) for governance, and other community energy initiatives (e.g. co?ops outside the EEG definition) are not legally bound by this 50 km rule.","Citizen Energy Companies and energy cooperatives are explicitly designed around broad citizen participation: the EEG definition requires a minimum number of local natural?person members with effective influence in shareholder meetings, while cooperative law typically implements one?member?one?vote and democratic governance; historically, German energy co?ops have mobilised thousands of local citizens and farmers as members and small?scale investors in PV, wind and bioenergy projects.","Municipalities and their associations can participate as minority shareholders in Citizen Energy Companies under EEG 2023, but effective control must lie with local natural persons: at least 75% of voting rights must be held by natural persons residing within 50 km of the plant, and no member (including a municipality) may hold more than 10% of voting rights, so public actors cannot control a Citizen Energy Company; beyond this scheme-specific role, municipalities and Stadtwerke are important partners and co-owners in many energy cooperatives and joint projects, yet Germany has not created a separate CEC category, so there is no CEC-specific public-actor role in national law
","Commercial developers, project companies and professional service providers frequently partner with Citizen Energy Companies and energy cooperatives for project development, grid connection and tender participation, but the EEG’s membership, locality and 10% ownership?cap rules limit their formal control; third parties can still play significant technical and financial roles, yet effective governance must remain with dispersed local citizen and municipal members for projects to qualify as Citizen Energy Companies",,"German community?energy governance builds on these legal forms and long?standing cooperative traditions: most mature ECs are organised as eG cooperatives with one?member?one?vote and pre?checked statutes, while smaller or early?stage initiatives may start as low?cost GbR partnerships and larger, more capital?intensive projects sometimes use GmbH & Co. KG structures; the EEG’s Citizen Energy Company definition then superimposes additional criteria (minimum 50 local natural?person members, 75% local voting rights, 10% cap per member) for those entities that want to qualify for community?specific support schemes, but many energy?community?like cooperatives continue to operate under general GenG/EEG rules without adopting the formal Citizen Energy Company status.","Yes, but in two different ways: (i) building-level “tenant electricity” (Mieterstrom) and communal building supply, where PV power is supplied to consumers in the same or adjacent building without using the public grid under §?21(3) EEG and §§?42a–b EnWG; and, from 1 June 2026 onward, (ii) grid-based “energy sharing” under the new §?42c EnWG, which allows groups of final customers to jointly use renewable electricity via the public distribution network within the same grid area, with virtual allocation based on smart-meter data.","German community energy now operates four main model types: (1) classical EEG-supported RES plants (often owned by co?ops or Citizen Energy Companies) feeding all output into the grid; (2) regional green-supply models where co?ops or Stadtwerke act as suppliers to local customers; (3) behind-the-meter tenant electricity and communal building-supply schemes, where the plant operator supplies tenants in the same/adjacent building without using the public grid; and (4) emerging §?42c EnWG “energy sharing” schemes, where a designated organiser coordinates the joint use of local renewable production by multiple customers via the public distribution grid, with virtual allocation and quarter-hourly metering.","Tenant electricity and communal building-supply schemes are constrained to one building or several residential buildings in the same neighbourhood without using the public grid, with plant capacities typically up to 100 kW and minimum residential shares; by contrast, §?42c EnWG energy sharing is building-overlapping and tied to the same distribution-grid area (Netzgebiet) of a DSO, so participants and the RES plant must lie within the same DSO network, but there is no explicit kilometre-radius limit—geographical scope is effectively defined by the DSO’s concession area and metering/information-technology capabilities","Overall, the sale of electricity to retail customers is associated with a number of legal obligations and tasks that require professional corporate structures.
In tenant-electricity and communal building-supply models, the installation operator already acts as an electricity supplier to tenants, handling billing and contracts while the public grid is bypassed; in §?42c EnWG energy sharing, an “energy sharing organiser” (which may be a co?op, Citizen Energy Company or other entity) assumes supplier-like responsibilities—concluding contracts with participating customers and the plant operator, managing billing, handling market communication and data exchange with DSOs and metering-point operators, and coordinating with residual suppliers that continue to serve non-shared consumption","While §?42c EnWG is a legal milestone, regulatory and technical complexity remains a major bottleneck: energy sharing depends on smart-meter rollout and quarter-hourly data exchange, requires communities to comply with supplier-like licensing, consumer-protection and market-process rules, and currently offers only limited tariff advantages (no broad exemption from network charges or levies), so many small citizen groups may find classic EEG feed-in or tenant electricity models simpler and economically more attractive in the short term.

","Ehrtmann et al
Interreg 2026","Germany has moved from a framework where community energy relied on joint RES ownership, regional retail and tightly constrained tenant-electricity schemes with no grid-based sharing, to one where §?42c EnWG finally provides a formal basis for “Energy Sharing Communities” using the public distribution grid from mid-2026 onwards; however, unlike frontrunners such as Austria; the German model is currently characterised by high organisational and IT requirements, modest financial incentives and a strong focus on active customers rather than a dedicated REC/CEC category, so its transformative potential for energy communities will depend on future adjustments to tariffs, support schemes and administrative procedures.

Pilot projects and conceptual work (e.g. Ehrtmann et al.) show that German ECs can use digital platforms and blockchain-based governance to implement P2P sharing within the constraints of current law, but these models remain niche and depend on existing supplier or self-consumption arrangements rather than a dedicated legal P2P framework","Low - 2-15% estimated by JRC in 2020
National smart?meter rollout is legally mandated but still in an early phase: only around 3–4% of metering points were equipped with intelligent metering systems by 2025–26, yet amendments to the Metering Point Operation Act (MsbG) now require default metering operators to equip at least 20% of eligible high?consumption and controllable?load customers with smart meters by end?2025 and 90% of these mandatory points by 2032, with the Bundesnetzagentur already opening supervisory proceedings against operators that failed to reach the 20% quota.","Where smart meters and smart?meter gateways are installed, they provide at least 15?minute consumption and generation data as the standard settlement interval, with legal requirements for near?real?time access and 15?minute data availability for customers and authorised third parties, which is essential for dynamic tariffs, §?42c EnWG energy sharing and flexibility services.","Smart?meter gateway rules and data?protection law give final customers the right to access their own consumption and generation data and to authorise third parties (suppliers, aggregators, energy?management services or energy?sharing organisers) to receive these data under strict security and privacy standards; in practice, complex SMGW procedures and heterogeneous IT capabilities among DSOs and metering?point operators still limit how easily energy communities and Citizen Energy Companies can access and use granular data for local optimisation and energy sharing.",Vitiello et al,"Germany has a technically sophisticated but slow and administratively complex smart?meter and data?access regime: advanced SMGWs can provide the 15?minute data needed for energy sharing and flexibility, yet low penetration rates, heterogeneous rollout among DSOs and strict security requirements mean that many energy communities still rely on a mix of conventional meters, partial smart?meter coverage and data solutions rather than a seamless nationwide digital infrastructure.","Yes – aggregation of generation, load and flexibility is allowed and fully integrated into the German market design: aggregators can participate in wholesale markets and balancing services under general EnWG and market?rule provisions, and neither Citizen Energy Companies nor other community actors are legally prevented from acting as aggregators, although there is no dedicated “community aggregator” status.
Aggregation is also happening when energy communities favor the regional balancing pool business model. The regional renewable energy capacities are aggregated and balanced via a separate regional balancing pool provided by the energy supplier which gives the technical infrastructure, sets up the balancing pool, and defines its geographical expansions.","Independent aggregation—where an aggregator pools resources without being the supplier of record—is permitted in principle under the German implementation of EU market rules, but practical uptake remains limited and subject to complex coordination, imbalance?settlement and data?exchange arrangements between aggregators, suppliers and DSOs; there is no special, simplified regime for energy communities that want to act as independent aggregators","In practice, some German energy cooperatives and Citizen Energy Companies are beginning to explore aggregation-like roles—such as optimising local PV, storage and controllable loads, participating in flexibility pilots, or acting as intermediaries for dynamic tariffs—but most community actors still focus on generation and supply rather than operating as full?fledged aggregators in wholesale or balancing markets, partly because of the technical, regulatory and IT complexity involved","EECF Germany 2025
Karatrantou et al 
Nordic Energy Research independant aggregator 2022","Aggregation in Germany is legally open to energy communities on equal terms with other market participants, but the combination of slow smart?meter rollout, complex market rules for independent aggregators and the absence of EC?specific facilitation means that, so far, aggregation remains primarily a domain of specialised commercial providers and larger utilities rather than a core activity of most Citizen Energy Companies or cooperatives, which continue to prioritise project development and local supply","Energy communities and Citizen Energy Companies access markets mainly via standard pathways: EEG support schemes (feed?in tariffs and market premiums with tender exemptions for qualifying Bürgerenergiegesellschaften), bilateral PPAs and participation in wholesale and balancing markets through suppliers, direct marketers or aggregators; the new §?42c EnWG regime adds local energy?sharing as an additional, albeit administratively demanding, avenue for valorising local RES production.","Key market actors for community projects are municipal utilities (Stadtwerke), regional suppliers and direct marketers that buy or market co?op and Citizen Energy Company output under EEG or PPA arrangements; DSOs and metering?point operators play a central role in enabling connection, metering and, increasingly, smart?meter?enabled products such as dynamic tariffs and energy sharing","Deutsche Energie-Agentur (DENA - Germany energy agency)
4 TSOs:
Many local/regional DSOs","Ehrtmann et al
PPA Country sheets 2025","Germany offers relatively mature market?access routes for community?owned RES via EEG support and PPAs, but communities seeking to move beyond “plain” generation into local flexibility, aggregation or energy sharing still face substantial complexity in grid access, metering, data exchange and market processes and for the great majority have to become a DSO or supplier themselves, or entrust these services to other incumbent/professional actors. ","Electricity network charges in Germany are regulated at national level by the Bundesnetzagentur and represent a substantial share of final household prices; they are largely volumetric but include capacity and time-differentiated components, and they apply broadly and non-discriminatorily to all users, with no dedicated reductions or exemptions for energy communities, Citizen Energy Companies or energy-sharing schemes beyond generally applicable rules.","Distribution tariffs are structured according to national guidelines but set and collected by DSOs, combining fixed elements (e.g. basic fees linked to connection capacity and metering) with variable energy charges that may vary by voltage level and, increasingly, by time of use; recent debates and consultation papers on adapting distribution tariffs (“AgNes”) highlight possible future moves towards more locational- and flexibility-oriented pricing, yet energy communities and Citizen Energy Companies currently face the same DSO tariff structures as other customers, and any locational benefits remain at pilot or discussion stage rather than being codified as EC-specific distribution pricing.","Germany’s main financial schemes for community energy are provided through EEG 2023 and related programmes: small RES plants (up to 100 kW) can receive fixed feed-in tariffs, larger projects obtain sliding market premiums on top of market revenues, and Citizen Energy Companies benefit from tender-exempt fixed tariffs for onshore wind projects up to 18 MW and PV projects up to 6 MW that meet strict EEG criteria, as well as from a dedicated federal investment fund that covers up to 70% of eligible pre-development costs (up to EUR 300,000) for citizen wind projects up to 25 MW per applicant under a grant-to-loan model; there is currently no national operating-support or investment scheme targeted specifically at §?42c EnWG energy-sharing communities, which must rely on these generic RES schemes plus standard project finance and municipal or regional programmes.","Bun­desnet­za­gen­tur AgNes 2025
Bun­desnet­za­gen­tur Monitoring report 2025
EECF Germany 2025
German Watch Energy sharing report 2026","For energy-sharing communities under §?42c EnWG (too recent to have any scheme associated), Germanwatch stresses that the sharing price must at least match or exceed the EEG support level once all taxes, levies and network charges are deducted, but modelling and expert assessments indicate that, given current tariff structures and high IT and transaction costs (quarter-hourly settlement, billing, data exchange), most Energy Sharing Communities will not be economically viable without additional targeted support or tariff relief—especially for small plants under 100 kW—although simplified supplier duties for sub?30/100 kW projects could reduce costs, and future reforms of network tariffs or dedicated energy-sharing subsidies could substantially change this assessment.

","German energy communities offer new avenues for local participation and co-decision, but in practice participation is skewed: surveys and case studies show that governance structures are often dominated by older, well-educated, higher-income men, with high time and knowledge requirements for active roles, and limited involvement of tenants, low-income households and marginalised groups; in the absence of explicit regulatory incentives or support for inclusive outreach, many communities focus on running projects efficiently rather than adapting meeting formats, communication and decision-making to lower participation thresholds, so procedural justice (open access, voice, influence) is only partially realised and depends heavily on the specific initiative and on whether municipalities or intermediaries actively support inclusive governance.",,,"Radtke et al
Hanke et al
Vogel et al
Bode",,"Germany has only partially transposed the EU energy-community acquis: there is no CEC definition, the Citizen Energy Company concept is tightly linked to EEG support rather than to broad rights in networks and markets, and the new §?42c EnWG energy-sharing regime is framed narrowly around small customers with complex supplier duties, quarter-hour balancing and contract requirements; combined with overlapping Mieterstrom rules and general cooperative/company law, this creates a fragmented, hard-to-navigate legal environment for ECs, storage and cVPPs.","Energy communities and Citizen Energy Companies compete in a market dominated by large utilities and professional direct marketers, face high transaction costs to access wholesale, balancing and flexibility markets, and must navigate supplier licensing, direct-marketing obligations and complex retail processes; for energy sharing, Germanwatch and others find that, under current tariffs and market rules, most Energy Sharing Communities will not be profitable without additional support or network-tariff relief, so uptake may remain limited to niches and pilot projects rather than scaling to system-relevant levels.","Slow and uneven smart-meter rollout, coupled with complex smart-meter gateway requirements and heterogeneous DSO IT systems, hampers the data-driven operation of energy communities, storage and cVPPs: only a small share of meters are currently “smart”, quarter-hourly metering and data exchange are not yet ubiquitous, and studies point to Germany’s delayed rollout as a major drag on digital innovation and integration of distributed resources; implementing §?42c energy sharing or sophisticated P2P and flexibility models therefore requires advanced metering and data-exchange infrastructures that many DSOs and communities do not yet have in place","High upfront investment costs, exposure to volatile wholesale prices, the dominance of taxes, levies and network charges in retail tariffs, and the absence of strong energy-community-specific financial incentives or tariff reductions create significant economic barriers: energy communities and tenant-electricity projects often rely on avoiding high retail prices rather than receiving generous support, while Germanwatch and techno-economic studies report that many tenant-electricity and §?42c energy-sharing configurations in multi-family buildings or small ESCs are only marginally profitable—or not viable at all—under current support and tariff structures, especially for low-income groups with limited ability to invest.","German energy communities still tend to be socially selective: survey and case-study evidence shows overrepresentation of older, male, higher-income and higher-education groups in cooperative membership and leadership, substantial time and knowledge requirements for active participation, and limited inclusion of tenants, low-income households and marginalised groups; gender-focused research further highlights that male-dominated organisational cultures, financial-investment framing and technical language deter many women and people prioritising social and environmental over financial motives from engaging in energy communities and emerging P2P models.","Additional barriers include complex and sometimes slow grid-connection procedures, limited municipal capacity and expertise to initiate or support community projects, uncertainty around long-term policy stability (e.g. future EEG reforms, changing subsidy levels), and the risk that commercial actors appropriate the “community” label without genuinely democratic governance; these factors can deter new initiatives, especially in less wealthy regions and smaller municipalities where administrative and financial resources are scarce","At the same time, Germany offers significant opportunities: a large and experienced landscape of energy cooperatives and citizen projects, strong municipal utilities, ambitious renewable targets under EEG 2023/2027 and climate law, and now a formal legal basis for energy sharing under §?42c EnWG; if smart-meter rollout accelerates, if network tariffs and support schemes are adjusted to reward local flexibility and sharing, and if targeted capacity-building and inclusion measures are implemented, energy communities and cVPP-like configurations could leverage Germany’s dense grid, high RES potential and existing cooperative infrastructure to provide local flexibility, reduce grid expansion needs, democratise ownership and enhance energy justice.

",,
France,"Very centralised, nuclear?dominant system with strong public actors","Formally liberalised wholesale and retail markets, but still shaped by powerful incumbents, especially fully state-owned EDF and historically state-linked Engie.","Nuclear?heavy mix; RES around one?fifth of electricity generation, mainly hydro, onshore wind and solar",Single TSO (RTE) and one dominant national DSO (Enedis ?95% of LV/MV grid) plus local distribution companies; multiple competing suppliers,"?300–800 citizen/local energy initiatives (e.g. ~291 in Énergie Partagée network); 
CSC operations are growing rapidly: around 700 in early 2025, over 1,100 by June 2025 according to sector/Enedis-derived reporting; exact figures should be dated to the Enedis quarterly dataset.",No explicit cVPP pilots identified; EC activity mainly through CSC?based configurations,"ECs dominated by small?scale PV projects; citizen wind projects and some hydro present, with larger mixed?ownership and crowdfunding?backed projects","ECFF France 2025
Dudka et al","Empirical cluster analysis of French ECs shows four main ownership models (citizen?majority, full citizen, crowdfunding?driven, and public?authority?led), with citizens holding the majority of capital in most projects; national discourse frames ECs as key actors but actor expectations and targets remain somewhat vague.","Yes – REC defined in Energy Code (L291?1 to L291?4; R291?1 ff.) via 2019 Climate & Energy Law, 2021 Ordinance and 2023 APER Law plus 2023 EC decree; aligns closely with EU RED II definition.","Yes – CEC defined in Energy Code (L292?1 ff.) via 2021 Ordinance and 2023 APER Law / decree; mirrors EU Electricity Directive CEC but adds an ""autonomous legal enitty"" requirement.

","Complete – REC and CEC concepts, rights and enabling provisions integrated into Energy Code Titles XI (L291?1–L294?1) and IX (R291?1–R293?1); energy sharing implemented via collective self?consumption framework","RECs may produce, consume, store and sell renewable energy (including through PPAs) and access all relevant energy markets directly or via aggregation on a non?discriminatory basis; CECs may produce (incl. but not only RES), supply, aggregate, store and sell electricity and provide energy services (e.g. efficiency, EV charging), and are financially responsible for imbalances (directly or via a third party); both may engage in electricity sharing provided members’ final?consumer rights are preserved.

","Yes – dedicated REC/CEC framework under Energy Code (L291?1–L294?1; R291?1–R293?1) complemented by existing CSC provisions (L315?1–L315?8) and rules on participative investment in renewables.

","No central national EC registry (Energie Partagée can count as alternative to national registry); ECs must declare installations to electricity, gas and heat DSOs before grid use; ECs are prohibited from owning or managing electricity or gas distribution networks but may own/manage district heating/cooling networks with local?authority notification; no published national assessment of barriers for RECs/CECs identified by RESCoop.","EECF France 2025
Dudka et al
","EC rules were layered onto pre?existing CSC provisions which in itself appears to facilitate contirbution to EC landscape, however, in the context of cVPP this isn't ideal as collective self-comsumption frameworks don't facilitate aggregation or the capacity to provide flexibility services to the grid, and current policies mostly focus on citizen consumption than grid alleviation services.","Public limited company (SA) or simplified joint?stock company (SAS), cooperative of collective interest (SCIC), or association under the 1901 law.","REC members may be natural persons, autonomous SMEs, local authorities and their groupings, SEMs, specialised social?entrepreneurship funds, “entreprises solidaires d’utilité sociale” focused on RES, and associations grouping these actors; CEC membership is open to all types but effective control is restricted to natural persons, local authorities/groupings, SEMs, small autonomous enterprises and specific social funds/companies; primary objective must be environmental, economic or social benefits rather than financial profit; individual shareholders may not hold more than 25% of voting rights, and autonomy rules limit corporate and employee stakes.

","REC effective control must be exercised by members located near the projects, with proximity defined by residence or registered office in the project’s department or an adjacent one (for individuals and SMEs) or within the relevant region/department/local?authority territory; CEC membership/control has no explicit geographical proximity requirement.","Participation is open and voluntary; one category of members (e.g. citizens or local authorities) is deemed to exercise effective control if it holds more than 40% of voting rights and no other category holds more, subject to a 25% per?shareholder cap; individuals constitute a category when there are at least 20 citizen members.","Local authorities and their groupings, as well as SEMs, can be members and controlling categories in RECs and CECs and may invest in private companies/cooperatives developing RES projects; municipalities also act as energy distribution organising authorities (AODEs) with jurisdiction over local distribution concessions.","Commercial RES developers often co?own projects alongside citizens and public actors, especially in shared?ownership models; crowdfunding platforms and social?impact investment funds provide equity in some ECs; corporate autonomy rules limit any one company’s direct and indirect control over RECs/CECs.","ECFF France 2025
Dudka et al
Poupeau
Vernay et al","Dudka's work identifies four broad ownership models: citizen–developer shared ownership, full citizen ownership, equity crowdfunding with indirect citizen stakes, and public?authority?dominated projects; in about three?quarters of cases citizens hold the majority of capital, but their influence can be direct or mediated by municipalities or platforms.

","Yes – electricity sharing by energy communities is operationalised primarily through the collective self-consumption framework. A “personne morale organisatrice” links producers and final consumers, contracts with the DSO, and communicates the allocation of self-consumed production among participating consumers through allocation coefficients or an agreed calculation method. RECs and CECs may act as this organising legal entity when the CSC operation is structured as an energy community.","Collective self?consumption of local generation (typically PV) with residual supply from standard suppliers, using static or dynamic sharing keys","Default CSC perimeter is the building or multi?apartment block on LV/MV grid; operations may extend to a 2 km radius (all LV, ?3 MW total capacity) and, by ministerial exemption, up to 20 km in specific cases (e.g. isolated or low?density areas or where fire and rescue services participate).

","The CSC legal entity, producers and consumers are all contracted with the DSO; participants retain individual supply contracts and a residual supplier bills non?self?consumed electricity and collects grid tariffs, while the CSC entity/producer bills shared energy (which may be priced or free, with VAT due if priced).","Energy sharing is effectively implemented through the CSC framework, which subjects EC-based sharing to legal-entity, perimeter, metering and DSO data-processing rules. The organising legal person must communicate allocation coefficients, or a calculation method, to the DSO; if none is provided, production is allocated dynamically pro rata to participants’ measured consumption. The allocation/netting time step follows the imbalance-settlement measurement period: historically 30 minutes, moving to 15 minutes from October 2024 in Enedis’ implementation.","Jacmin et al
Fina et al
Enedis 2025
CRE 2025","Five main sharing models are used in France (default pro?rata to consumption, per?capita, pro?rata to investment, hybrid and Shapley?value?based); ENEDIS data indicate that about three?quarters of CSC operations use the default pro?rata?to?consumption rule.","High – national Linky smart?meter rollout largely completed for Enedis customers by 2021, with local DSOs catching up and many reaching ?70% deployment by 2024; smart meters are required for CSC/energy?sharing participants.","Metering and allocation started at 30?minute intervals, but since Jan 2025 now moved to 15?minute granularity, in line with balancing?period changes.","DSOs collect and process advanced metering data and make it available to suppliers, consumers and other relevant parties via automated channels; CSC legal entities receive allocation information used to bill shared energy, while residual suppliers only receive data needed for their role.","CRE AMS
Jacqmin
EECF France 2025
Vitiello et al","Advanced metering enables remote operations and detailed load profiles but also centralises data flows through DSOs; published work highlights how allocation?rule choice, rather than raw data availability alone, strongly shapes distributional outcomes within ECs.",Yes – RECs and CECs may access relevant energy markets directly or via aggregation under general market rules.,"Independent aggregators are recognised in French market design, but the EC framework does not create a separate “community aggregator” category; ECs must comply with standard aggregation and balancing rules.",CEC definition explicitly allows provision of aggregation and other energy services; ECs may aggregate members’ load or generation but do so under the same regulatory conditions as any other market actor.,Nordic Energy Research independant aggregator 2022,"For CECs, French law assigns financial responsibility for imbalances caused by the community: the CEC must either act as a balance responsible party or delegate this responsibility to a third party. This creates a potential risk and capability barrier for EC-run aggregation, since direct market participation requires compliance with RTE’s balance-responsibility framework, financial guarantees, metering/data processes and imbalance-settlement exposure. In practice, community aggregation is therefore likely to depend on delegation to an established BRP, supplier, aggregator or flexibility operator. This creates an important constraint for cVPP development: a community-based VPP could theoretically aggregate local generation, demand response, storage or EV flexibility, but direct operation would require BRP/market-interface capabilities. Delegated aggregation is therefore the more realistic pathway for most French ECs, unless the community develops substantial technical, financial and compliance capacity.","ECs can participate in wholesale and retail markets through PPAs, tenders and standard supplier/aggregator relationships; they are entitled to proportionate, non?discriminatory treatment as final consumers, producers, suppliers and market operators.","Direct wholesale trading by ECs is legally possible but uncommon; most ECs sell via support schemes, PPAs with suppliers or through standard market intermediaries.

","CRE (regulator), RTE (TSO), Enedis and few local ones (DSOs), commercial suppliers/aggregators, ADEME (Env. gov. agency) and Énergie Partagée as key support actors.",PPA Country sheets 2025,ECs are not exempt from general tendering rules but can receive scoring bonuses for local and citizen ownership; they also have a priority right to buy their own guarantees of origin for RES electricity and biogas.,"In CSC, residual suppliers collect standard grid tariffs on shared electricity and pass them to DSOs; there are no EC?specific discounts on network charges in the current framework.","Distribution tariffs are set nationally by TSO (CRE); CSC and EC participants face usual capacity and energy?based charges via their suppliers, with no separate EC tariff category.","There is no EC?exclusive support scheme, but citizen and local projects benefit from RES tenders awarding bonus points (2–5) for local authority/citizen ownership and shared governance; small onshore wind projects (?6 turbines, ?3 MW each) controlled by citizens, local authorities or ECs can access feed?in premiums without tendering; ADEME’s “Fonds Chaleur” supports heating/cooling networks with a planned 10% bonus for citizen?governed projects; farmer biogas groups receive feasibility and project?development support; ADEME and regions co?finance Énergie Partagée’s national and regional support network and citizen investment fund.",,"Recent decree changes (e.g. limits on combining support mechanisms) have reduced the attractiveness of some small, citizen?led projects, while tender bonuses and dedicated heat?fund incentives partially counterbalance this for projects with strong local and citizen governance.","Formally inclusive but procedurally selective. French REC/CEC law codifies open and voluntary participation, and CSC allows collective sharing through a legal organising entity. In practice, access is mediated by legal, technical, financial and administrative capacity: citizen-energy initiatives are often driven by organised collectives, local authorities, cooperatives, social landlords or other intermediaries, while ordinary low-income households are less likely to initiate projects independently. Evidence from French CRE research points to homogeneous and limited membership bases, suggesting participation is skewed toward actors with higher “participatory capital.” Social-housing CSC schemes exist and may improve access for tenants, but they are often landlord-led; this can deliver distributional benefits while leaving weaker procedural agency for residents","Distributive justice in French EC/CSC schemes is highly design-dependent. The allocation rule determines which participants receive shared production in each settlement interval, while TURPE/network charges, taxes and the price of shared electricity shape the actual bill benefit. The default pro-rata-to-consumption allocation may favour participants with higher contemporaneous consumption unless alternative sharing rules are chosen. Investment-based citizen projects can concentrate benefits among members able to finance or co-own assets, whereas social-housing CSC can extend benefits to tenants but is often landlord-led and may prioritise collective building charges before individual bill reductions. Broader local benefits depend on governance choices, pricing policy and the reinvestment of surpluses.",,,,"Overlapping EC, CSC and support?scheme provisions make the framework hard to navigate; there is no published national assessment of REC/CEC obstacles, and some decrees restrict combinations of support mechanisms for citizen projects.

","Citizen and local projects compete in tenders dominated by larger commercial players; there is no dedicated route for ECs to monetise flexibility, and tender and PPA complexity can deter smaller initiatives.

",CSC and EC operation depend on advanced metering and DSO data processes; complexity grows when participants join multiple CSC operations or ECs and when perimeters approach the 20 km limit.,Small citizen?led projects face financing challenges and are sensitive to changes in support schemes; revised FiP rules and limitations on stacking support mechanisms have reduced their financial attractiveness.,"Awareness and organisational capacity are uneven across territories; participation tends to be higher where strong local networks and intermediaries (e.g. Énergie Partagée) are present, raising concerns about the inclusion of less?organised or lower?income communities. Because participants are mostly from homogenous groups, most ECs in France get stuck at small size and don't scale up.","Projects can be constrained by non?energy regulations (e.g. defence and aviation zones), as illustrated by citizen wind projects facing airspace constraints. ","Strong national support networks (Énergie Partagée), tender bonuses for shared governance, and planned heat?fund incentives for citizen?governed networks create significant scope for scaling ECs; national discourse and targets (e.g. 1 000 new projects by 2028) signal political backing even if not legally binding.

","EECF France 2025
Enedis CSC 2025
CRE 2025
Dudka 2023
Jacqmin_2025 
Fina 2023 
Poupeau 2017.",
Ireland,"Fully interconnected all?island system (Republic of Ireland and Northern Ireland) operated as the Single Electricity Market, with a meshed transmission grid and growing renewable penetration

","Fully liberalised wholesale and retail electricity market with unbundled TSOs and competitive suppliers under the Integrated Single Electricity Market (I?SEM) framework (w/ Norther Ireland, and the rest of the EU)","High and rapidly growing renewable share, with onshore wind as the dominant source and renewables providing around 40% of electricity in 2020 and targeted to reach 80% by 2030","CRU (regulator). Transmission operated by EirGrid (Ireland) and SONI (Northern Ireland) as TSOs, with ESB Networks as the main distribution system operator, complemented by interconnectors to Great Britain","1 138 Sustainable Energy Communities (SECs) registered with SEAI by 2024, with a government ambition to reach 1 500 SECs and at least 10 community renewable electricity projects by 2030","No fully operational, explicitly labelled cVPPs; community projects are mainly generation?oriented with some pilots exploring storage and local trading","Community projects focus on onshore wind farms, rooftop and ground?mounted solar PV, and some small?scale hydro and biomass, increasingly linked to retrofits, efficiency and smart?energy measures",,"Ireland combines a fully liberalised all?island electricity market with a strong, policy?driven Sustainable Energy Communities programme; SECs act as broad local collaboration platforms, while RECs are defined mainly within support schemes (RESS/SRESS) for small?scale generation, resulting in a large and growing SEC network but relatively few formally defined REC projects so far.","Yes - RECs are defined in the terms and conditions of the Small?Scale Renewable Electricity Support Scheme (SRESS, formerly in RESS) as legal entities based on open and voluntary participation, autonomy and effective local control, whose primary purpose is to provide environmental, economic or social community benefits rather than profit; the definition is scheme?based rather than set in primary energy legislation.",No explicit Citizen Energy Community (CEC) definition exists in Irish energy legislation; the active “community” concepts are Renewable Energy Communities under SRESS/RESS and Sustainable Energy Communities (SECs) under SEAI programmes.,"Partial – Ireland has introduced a REC definition in support?scheme terms (RESS/SRESS) and operates a broad Sustainable Energy Communities framework, but has not embedded REC and CEC concepts with full rights and obligations into primary electricity or energy law.","There is no stand?alone legal catalogue of REC/SEC rights and obligations in primary law; instead, RECs gain specific rights through support schemes, such as eligibility for SRESS tariffs and dedicated enabling?framework measures, while SECs mainly access grants, mentoring and toolkits under SEAI programmes.","Yes, but fragmented – Ireland has two complementary frameworks: REC as a support?scheme category in RESS/SRESS, and SEC as a broader, programme?based model supported by SEAI’s Community Enabling Framework, rather than a single, consolidated EC title in energy law.

","REC status must be demonstrated to the Minister under SRESS terms (e.g. evidence of local control, non?profit purpose and SEC registration), and community projects must navigate support?scheme applications, grid?connection processes and SEAI programme rules; however, there is no codified EC licensing regime and SEC registration itself does not involve a thorough legal?compliance check.

",EECF Ireland 2025,"Ireland distinguishes between legally defined Renewable Energy Communities and SEAI-supported Sustainable Energy Communities. RECs are formal legal entities derived from EU law, with requirements on open and voluntary participation, autonomy, local/proximity-based control and a primary community-benefit purpose, typically linked to renewable project ownership or development. SECs are broader SEAI network/support structures for local energy planning, efficiency, renewable opportunities and community capacity-building; they are not automatically legal energy communities but can act as a pipeline through which communities develop the capacity, governance and project pipeline needed to become or create RECs.

Ireland’s EC framework is policy? and scheme?driven rather than law?driven: SECs are recognised and supported administratively by SEAI, while RECs exist primarily as a category within RESS/SRESS terms and conditions; there is no national statute that systematically sets out EC rights, obligations or barrier?removal duties comparable to EAG/EIWOG in Austria or the French Energy Code.","REC: any legal entity form that can satisfy SRESS REC criteria (open and voluntary participation, autonomy, democratic governance, non?profit primary purpose); at least one member must be a Sustainable Energy Community registered with SEAI. SEC: does not need to be a separate legal entity, but must have a defined organisational structure and stakeholder commitment as part of SEAI’s SEC programme.","REC members and shareholders may be natural persons, SMEs, local authorities (including municipalities), not?for?profit organisations and local community organisations, provided that participation does not constitute their primary commercial or professional activity (except for SECs); each shareholder or member has one vote regardless of shareholding, and the primary purpose must be community or environmental benefit rather than financial profit.

","REC members and controlling stakeholders (natural persons, SMEs, local authorities) must be resident or located in the proximity of the REC project in order to qualify under SRESS; SECs are defined by a geographically bounded community or shared field of interest but are not tied to a specific “proximity” rule in law.","Both REC and SEC frameworks emphasise open and voluntary participation, democratic governance and one?member?one?vote in RECs, with SECs framed as community?led partnerships involving households, clubs, churches, businesses and other local actors working together on energy projects.","Local authorities can be REC members and play roles in SECs, while the Sustainable Energy Authority of Ireland (SEAI) is the central public actor coordinating SEC registration, grants, mentoring and the Community Enabling Framework; the Department of Environment, Climate and Communications (DECC) designs RESS/SRESS, including REC?specific provisions and community benefit rules.","Commercial developers and suppliers can partner with SECs and RECs, particularly in RESS and SRESS projects and in setting up Community Benefit Funds, but RECs must remain autonomous and effectively controlled by local stakeholders, and third?party involvement must respect one?member?one?vote and non?profit primary purpose conditions.",,"SECs function as broad local governance platforms for energy efficiency, renewables and smart?energy actions, often preceding concrete generation projects; RECs then emerge as more formalised entities when communities seek to access SRESS tariffs or RESS?related mechanisms, so governance in practice is often a two?step process moving from SEC organising to REC project vehicles.","No - Ireland has an operational microgeneration and export-remuneration framework, including self-consumption, smart-metered export and Clean Export Guarantee payments, and energy sharing/trading is legally recognised for active consumers and energy communities. However, a mature statutory kWh-sharing regime comparable to France’s CSC model is still under regulatory development. Current community-level electricity activity therefore occurs mainly through microgeneration export payments, community-owned generation, supplier/aggregation arrangements such as Community Power, PPAs, grants and contractual/financial benefit-sharing, rather than through a fully implemented regulated energy-sharing allocation mechanism.","Mainly community-owned/co-owned wind and solar generation, RESS/SRESS-linked community benefit funds, and SEC-led energy-efficiency/retrofit planning.","REC definitions require that members (natural persons, SMEs, local authorities) are resident in or located in the “proximity” of the REC project, but there is no grid?level perimeter (e.g. LV/MV) defined in law; SECs operate at community scale (parishes, towns, neighbourhoods or thematic communities) as defined in SEAI’s programme rather than by specific distance constraints.","RECs and SECs do not have a separate supplier?like status; electricity from community projects is typically sold into the market or under support schemes via licensed suppliers or market participants, while local households remain standard customers and receive benefits through tariffs, grants or Community Benefit Fund allocations.

","The absence of a tailored legal energy?sharing framework means communities wanting to move beyond generation ownership face uncertainty about local trading, billing and data?sharing; grid?connection processes and market rules are documented in SEAI’s grid?connection toolkit but remain technically and administratively demanding for volunteer?led groups.",,Policy emphasis is on community participation in generation and on local benefit distribution (e.g. Community Benefit Funds) rather than on statutory frameworks for sharing kilowatt?hours among members; any “sharing” happens via financial and governance mechanisms rather than meter?level allocation.,"National roll?out of smart meters is ongoing, led by ESB Networks, with a focus on enabling active consumers, time?of?use tariffs and greater integration of renewables. Challenges with roll out situation - Cost benefit analysis was considered positive in 2014, then negative. But roll out since has happened - estimated at 0% in 2020 but in sept 2025, ESB Networks announced that it has successfully installed over two million smart meters in homes, farms and businesses across every county in Ireland. More than 4/5 households across the country now have a smart meter installed. (ESB Networks website)","Smart meters provide half-hourly consumption/export data, supporting time-of-use tariffs, dynamic retail pricing, microgeneration export measurement and basic demand-side flexibility. Ireland’s retail and SEM settlement architecture remains largely half-hourly, unlike countries moving to 15-minute energy-sharing/allocation intervals. This is sufficient for supplier-led tariffs and broad aggregation, but less precise for cVPP optimisation, local flexibility settlement and granular intra-community benefit allocation (unless supplemented by aggregator/device-level data).",,Vitiello et al,SEAI’s 2025 impact study on SECs highlights data gaps as a barrier to monitoring and evaluating community impacts and recommends strengthening data infrastructure and reporting for community projects.,"Yes - aggregation is allowed under general electricity?market rules, and CRU has developed enabling regulatory frameworks for active consumers and energy communities to participate in markets via suppliers and aggregators.","Independent aggregators can operate in the Irish market under CRU rules, but there is no distinct “community aggregator” legal category; ECs would typically access aggregation services through standard commercial aggregators or suppliers.

","In practice, SECs and RECs have so far focused more on project development, grants and support schemes than on providing formal aggregation services, and their potential role in flexibility markets remains largely at the pilot and concept stage.",,"Policy and regulatory documents increasingly reference “active consumers and energy communities” as future flexibility actors, but concrete pathways for community?led aggregation (e.g. standard products, risk allocation) are still underdeveloped compared with individual and supplier?driven models.

","Communities access electricity markets mainly through participation in support schemes (RESS, SRESS) and via standard supplier/market?participant roles for their projects; households and local organisations typically remain regular retail customers.","Community?owned projects can sell electricity into the wholesale market indirectly via suppliers or under RESS/SRESS contracts, with RESS auctions and SRESS fixed tariffs providing structured revenue for eligible community and small?scale projects.","Department of Climate, Energy and the Environment (design of RESS/SRESS and ORESS), SEAI (SEC network, Community Enabling Framework, grants), CRU (regulation of active consumers, market rules), EirGrid and ESB Networks (system and network operators) and community organisations and developers participating in auctions and benefit?fund governance.

",PPA Country sheets 2025,"RESS auctions and SRESS non?competitive tariffs give communities structured routes into the market, but the absence of a statutory EC category and the technical demands of grid?connection and auction participation mean many communities rely heavily on external developers and SEAI mentoring.

","There are no EC?specific network?charge reductions; community projects and members face standard network?usage charges set under CRU regulation, with financial advantages mainly delivered via support?scheme tariffs, grants and Community Benefit Funds rather than through differentiated grid fees.

",,"Key schemes include SRESS (non?competitive tariffs for 50 kW–6 MW projects from communities, farmers and SMEs, with 15?year support and technology?specific tariffs), SEAI’s Community Energy Grant (for efficiency and retrofit projects), and RESS/ORESS Community Benefit Funds, which require developers to contribute around EUR 2/MWh and allocate at least 40% of funds to community?oriented SDG projects, with minimum payments to near neighbours in onshore wind auctions.",,,"SECs provide an accessible entry point for community?led energy projects and are supported by SEAI mentoring and toolkits, but there is no statutory EC rights framework; complex support?scheme and grid?connection procedures mean that effective participation still depends heavily on capacity, external support and engagement with developers.","Community Benefit Funds aim to channel financial benefits to local communities (including near?neighbour payments and SDG?aligned projects), but impact studies show unequal uptake, with more advantaged communities more likely to mobilise and access grants and funds.",,,,"Lack of a comprehensive legal definition of EC rights and obligations, absence of a CEC category and reliance on scheme?based REC definitions create legal uncertainty for communities wishing to move beyond support?scheme participation into broader market roles.","Participation in RESS auctions and in SRESS, as well as negotiating grid connections and power?purchase arrangements, can be challenging for volunteer?led communities, leading to dependence on commercial partners and raising concerns about communities’ bargaining power and long?term value capture.","Limited in?house technical expertise on grid connection, metering, project design and monitoring within many communities slows project development and increases reliance on external consultants and developers.","Dependance on short funding cycles; high upfront development costs and the need to pre?finance studies and applications can be prohibitive for smaller or less affluent communities, even when long?term tariffs or grants are available.","SEAI’s 2025 impact study finds under?representation of lower?income communities and notes that participation is strongest where social capital and local organisational capacity are already high, raising concerns about an unequal distribution of opportunities and benefits.","Data gaps and limited monitoring of community?level outcomes make it difficult to assess and communicate the full impact of SECs and REC?type projects, which in turn can hinder policy learning and public trust.","A large and expanding SEC network, SRESS tariffs tailored to community and small?scale projects, and RESS/ORESS Community Benefit Funds offer strong levers to grow community energy; targeted reforms to strengthen legal recognition, stabilise funding, enhance technical support and prioritise lower?income communities could turn Ireland’s scheme?driven model into a more robust, justice?oriented EC framework.","NESC Moore 2025
SEAI Impact study 2025",
Switzerland,"Hydro?dominated, partially centralised electricity system with significant nuclear baseload, large pumped?hydro storage and a growing share of decentralised solar PV","Wholesale market liberalised and integrated with neighbouring countries; retail market still only partially liberalised, with many consumers supplied by vertically integrated municipal and regional utilities that remain dominant in their service areas (semi-private system of electricity providers where each county (canton) or city in Switzerland has its own power distributor, with private companies competing to supply them with electricity.","High renewable share dominated by large hydro (run?of?river and storage) and pumped?hydro storage, with rapidly growing rooftop and ground?mounted solar PV and a smaller contribution from wind and biomass","Swissgrid operates the national TSO ; distribution is handled by a fragmented landscape of municipal and regional DSOs, many of them vertically integrated utilities that combine supply and distribution; local grids play a key role in hosting decentralised PV and emerging self?consumption and local electricity community schemes","No unified national count, but several hundred associations for self?consumption (ZEV) and similar self?consumption clusters are reported by utilities and research projects, with numbers growing quickly since their introduction in 2018 (various utility and research sources rather than a single official registry)",No explicitly labelled community virtual power plants,"Energy communities mainly develop rooftop and building?integrated PV in multi?apartment buildings and neighbourhoods, often combined with behind?the?meter batteries, heat pumps and smart?control solutions; some local energy communities also coordinate with or integrate small hydro and exploit the flexibility of Swiss hydro and storage at higher grid levels","Lonergan et al
Swissgrid
CEER","Switzerland’s EC landscape is built around “associations for self?consumption” (ZEV) and emerging local electricity communities, which enable shared use of local PV","No – Switzerland is not bound by RED II and has no “renewable energy community (REC)” definition; instead, energy?community?like constructs are defined as self?consumption associations (ZEV) and, more recently, local electricity communities (LEGs) in national energy legislation and ordinances",No – no explicit “citizen energy community (CEC)” category; Swiss law uses technology? and source?neutral constructs (ZEV and LEG) that play a similar functional role but are not labelled as CECs,"Not applicable / Not transposed – Switzerland is outside the EU. Instead, Switzerland has built its own national framework, now centred on ZEV/vZEV and especially LEG as of 2026","Under the updated framework, Swiss energy communities may generate, consume, store and locally share renewable electricity; LEG participants can trade/share electricity over the public distribution grid under defined proximity and metering conditions, while ZEV/vZEV arrangements organise collective self-consumption more as a single end-customer structure. They do not generally own public electricity networks, but they can organise internal allocation, billing and optimisation, and they may interact with suppliers, DSOs and digital service providers for settlement and flexibility-related services","Yes – Switzerland has a dedicated framework for collective/local energy communities through ZEV, vZEV and, most importantly in 2026, LEG, mainly under the Electricity Supply Act (StromVG) and Electricity Supply Ordinance (StromVV), alongside the earlier self-consumption framework","there is no REC/CEC registry as such, but LEGs require formal setup with the supplier/DSO, smart metering, compliance with proximity/grid-level rules and adapted billing/data processes; this makes LEG more operationally complex than a simple behind-the-meter ZEV","Swissgrid
Swiss Federal Council","For Switzerland, LEG should now be treated as the leading and most up-to-date EC-type structure, because it expands community electricity sharing beyond the classic ZEV model and does so through the public grid under regulated tariff reductions","No specific framework prescribed - ZEV, vZEV and LEG can use standard Swiss legalforms such as associations, cooperatives, limited liability companies (GmbH/Sàrl), public limited companies (AG/SA) or contractual associations under private law","Members/participants can be citizens, building owners, housing companies, SMEs and municipalities; there is no EC?specific EU?style non?profit or dividend cap, so profit orientation depends on the chosen legal form (e.g. cooperative vs AG/GmbH) and internal statutes.
For LEGs, each consumption site and producer/storage unit can only participate in one LEG, which limits concentration of control at asset/site level (even though no explicit shareholding cap is defined in the LEG provisions as it is is most REC equivalent regulation)","LEGs must stay local: all participants must be in the same DSO grid area, on the same low?voltage grid level.
ZEV and vZEV are bound to building level (one grid connection).","Citizens can join as individual household members or via housing cooperatives and similar entities, with membership and voting arrangements governed by the underlying legal form (e.g. one?member?one?vote in co?ops, share?based voting in companies, or member assemblies in associations)","Municipalities and municipal utilities are central governance actors: they own grid infrastructure and roofs, initiate many ZEV/vZEV/LEG schemes, and may control the project entity or co?govern it with private actors","Commercial suppliers, DSOs and service providers (utilities, ESCOs, billing/IT platforms) play a strong operational and sometimes strategic role: they design standardised ZEV/vZEV/LEG offers, handle metering, settlement and customer interfaces, and may own or co?own PV assets, which means governance is frequently orchestrated by incumbent energy actors rather than purely citizen?run","Iskandarova et al
","Swiss EC?type governance is characterised by hybrid, negotiated arrangements often landlord? or utility?led local schemes with citizen participation rather than a single dominant citizen?majority co?op template","Yes – via collective self?consumption schemes (ZEV and vZEV) where a self?consumption consortium allocates shared PV production among members, and via LEG, which allows participants to sell and share electricity with each other over the public distribution grid at reduced network tariffs within a defined local area","Combination of collective self?consumption (ZEV/vZEV) of local PV with internal allocation and billing, and a LEG model in which individually metered consumers, producers and storage units have their own contracts with suppliers but engage in local energy sharing and trading over the public grid under a regulated local?tariff framework",ZEV is confined to one grid connection and private lines across one or several physically connected buildings; vZEV uses the DSO’s low?voltage lines to connect participants at the production site; LEG must be within the same DSO grid area and low?voltage level,"In ZEV/vZEV, the consortium is treated as a single final customer behind a main meter, with an external supplier serving the ZEV and the ZEV operator allocating and billing internally; in LEG, all participants keep their individual supply contracts and market access, while the DSO provides the grid for intra?LEG exchanges at a discounted network tariff and suppliers handle residual supply and settlement","configurations must be set up and validated with the DSO and supplier, making implementation administratively and technically demanding",Gonzalez et al ,,"Medium to high and rapidly progressing but no specific figure found – DSOs are legally required to replace at least 80% of conventional meters with remotely readable smart meters by the end of 2027 (Energy Act / StromVV), and several utilities aim for near?100% coverage by around 2028; smart meters are effectively mandatory for participants in ZEV, vZEV and LEG schemes","15?minute metering is the typical standard for mass?deployed smart meters in Switzerland, aligned with European practice and used for billing, settlement and flexibility applications","Distribution network operators own and operate the metering infrastructure, collect 15?minute data and provide it to suppliers for billing and settlement; customers can access their own consumption data via utility portals (e.g. “My ewz”) and, with consent, share it with third?party service providers, in line with Swiss/EU?inspired data?protection and consumer?empowerment principles.

Energy communities (ZEV/vZEV/LEG) typically receive aggregated allocation and billing data via their supplier/DSO interfaces rather than full raw meter streams; detailed EC?level data feeds and standardised interfaces are still emerging, and the exact role/allocation model can vary by DSO and supplier.",,"Key barriers include the need to complete both the physical rollout (reaching the 80% mandate and, in some cases, replacing early smart meters) and the development of harmonised, consumer?friendly data?access frameworks for ECs; without consistent 15?minute data access and clear substitute?value procedures, more advanced LEG and flexibility use cases remain administratively and technically challenging.","Yes – aggregation of distributed generation and demand?side flexibility is allowed; aggregators can pool distributed resources (generation units, loads, storage) to provide balancing reserves (aFRR/mFRR) and other ancillary and flexibility services.","Independent aggregators are effectively recognised through a “central settlement” model: Swissgrid’s ancillary?services framework allows an aggregator/reserve provider to pool technical units from different balance?responsible groups, with Swissgrid performing central settlement of activated energy so that BRPs are compensated; this enables aggregator participation without full supplier/BRP integration, though regulatory and contractual details still matter","There is no explicit “community aggregator” licence or EC?specific aggregation category, but energy?community?type entities (ZEVs, LEGs, local utilities acting on their behalf) can, in principle, provide flexibility via aggregators or act as aggregators themselves under general ancillary?service and flexibility?market rules, provided they or their partners meet Swissgrid’s technical, metering and telemetry requirements.

Several Swiss projects and utilities already aggregate geographically distributed resources (including prosumers) for reserve provision and local flexibility, indicating that community?level aggregation is technically and institutionally feasible even if not framed as a distinct legal category.",Nordic Energy Research independant aggregator 2022,"Interaction with Swissgrid and DSOs is structured via the central?settlement balancing model and emerging local flexibility/tariff schemes: aggregators remain responsible to Swissgrid for reserve delivery, while DSOs explore tariff? and market?based ways to harness local flexibility from prosumers and ECs; regulatory discussions focus on avoiding conflicts with BRPs and ensuring fair compensation and transparent responsibilities for all parties","EC?type actors (ZEVs, LEGs and similar local schemes) can sell electricity via suppliers and PPAs, participate indirectly in wholesale and balancing markets through BRPs and aggregators, and provide flexibility in emerging TSO–DSO coordination and local flexibility schemes; they have no dedicated “EC market” but operate under general market rules for prosumers and aggregators","Direct wholesale trading is legally possible for entities that assume balance?responsible roles, but in practice EC?type projects rely on utilities, suppliers or aggregators to handle wholesale and balancing?market participation, with communities typically focusing on local generation, self?consumption and flexibility provision rather than direct exchange trading.","Key actors for EC market access are the federal regulator and energy ministry (setting framework conditions), the TSO Swissgrid (responsible for procuring ancillary services and running balancing markets), a fragmented set of DSOs and municipal utilities (critical for local flexibility, ZEV/LEG implementation and grid?tariff schemes), and research/innovation projects (e.g. Equigy crowd?balancing, Swissgrid–ewz pilots, joint TSO–DSO flexibility?market initiatives) that define how decentralised resources, including ECs, can participate",,"Swiss law and regulatory strategy emphasise non?discriminatory access to markets and the integration of decentralised flexibility via central?settlement balancing models and coordinated TSO–DSO schemes; however, there is no explicit priority access or EC?specific market rule, and EC participation depends on meeting general technical requirements and on arrangements with BRPs, aggregators and DSOs.","ZEV/vZEV self?consumption behind a common connection point avoids volumetric grid charges on the self?consumed portion (treated as behind?the?meter), but any electricity taken from or injected into the public grid pays standard network tariffs; in contrast, LEG internal exchanges over the public grid benefit from a legally defined reduction in network usage tariffs (up to 60%, currently set at 40% or 20% depending on grid levels involved)","Swiss grid tariffs for end?users combine energy?based and power?based components, differentiated by grid level and connection size; recent reforms restructure transmission?grid usage into working and power tariffs and introduce a small solidarity surcharge, while at distribution level operators are beginning to offer dynamic and location?differentiated tariffs and to apply reduced network usage tariffs for LEG internal flows in line with StromVV (40% or 20% discounts)","General Swiss RES support (investment grants and feed?in remuneration for PV and other renewables) is accessible to ZEV/LEG projects, but there are no EC?specific subsidies; Swiss ECs are not eligible for core EU EC funding schemes such as the EECF and mostly rely on national, cantonal and utility programmes.",,"Because network?tariff reductions are significant only for LEG internal exchanges (and ZEV gains mainly come from avoiding retail energy and grid charges on behind?the?meter consumption), Swiss EC viability hinges on high self?consumption ratios, the new LEG grid?tariff discounts, and general PV subsidies.
Rising grid?usage costs and tariff reforms can erode savings if communities export large shares or fail to optimise consumption and flexibility, reinforcing the importance of storage, demand shifting and careful tariff/technology design.",,,,,,"Complex, fragmented legal framework (EnG, EnV, StromVG, StromVV) with detailed eligibility, proximity and membership rules for ZEV/vZEV/LEG, making EC design legally demanding for non?experts.

Hard proximity and exclusivity constraints (one consumption site per LEG, one LEG per site, single municipal area) limit scaling across municipalities and make it harder to optimise larger regional portfolios","ECs must integrate into existing supplier/BRP arrangements, with no dedicated EC market regime; complex billing and settlement rules for LEG (including discounted grid tariffs and centralised allocation) raise transaction costs and discourage some suppliers from actively supporting EC products.

Tariff and market incentives can favour maximising self?consumption within individual communities over exporting or coordinating with wider system needs, potentially misaligning EC operation with national RES and flexibility objectives","Smart?meter rollout and ICT requirements (15?minute metering, advanced billing systems) are essential for LEG and vZEV, but not yet fully implemented and standardised across all DSOs, making some advanced configurations difficult in practice.

Complex metering and billing configurations for multi?actor LEGs (different grid levels, mixed producers/consumers, reduced tariffs) increase implementation risk and require high technical competence from DSOs, suppliers and EC organisers","EC projects (especially LEG) typically require significant up?front investment in PV, storage and control systems, while federal support schemes are generic, competitive and not specifically tailored to ECs, making it harder for smaller citizen initiatives to compete with professional developers.

Current tariff and support structures risk prioritising self?consumption and cost savings for participants over maximising overall renewable output and flexibility, and may not provide sufficient revenue streams to support long?term operation and professional management of ECs.","LEC/LEG uptake depends on motivated local actors (municipalities, utilities, citizen groups); academic work notes that rural and smaller municipalities often have limited administrative capacity and rely heavily on a few individuals, which can slow or stall initiatives.

Participation may be skewed towards more engaged or better?off citizens, while renters, low?income households and less organised communities risk being left out unless specific inclusion strategies are pursued.

","Siting and spatial planning constraints (landscape protection, noise, local opposition to wind/PV) can limit the development of larger generation assets that would underpin LEGs, especially in rural or alpine municipalities.

Topographical and municipal boundaries interact awkwardly with LEG’s “one municipality” rule, so some geographically coherent areas are split across municipalities and cannot form a single LEG even when technically and socially logical","LEG introduces, for the first time, a clear, legally defined Swiss local electricity community framework with discounted grid tariffs for internal exchanges, opening a structured pathway for EC?type schemes to scale beyond building?level ZEVs; academic assessments suggest that rural LECs alone could contribute up to roughly a quarter of new renewable?electricity targets if economic conditions (tariffs, feed?in, prices) are tuned appropriately.

Ongoing digitalisation (smart?meter rollout), TSO–DSO flexibility pilots and national decarbonisation targets create a strong policy rationale to integrate ZEV/LEG communities into broader flexibility and system?service markets, providing a potential second value stream (beyond self?consumption savings) that could make Swiss ECs more robust and socially impactful over time","Eliot et al
",
The Netherlands,"Largely centralised, gas? and wind/solar?dominated mix with significant offshore and onshore wind, strong growth in solar PV and a legacy of gas?fired generation and some nuclear","Fully liberalised wholesale and retail markets with competitive suppliers and trading; legacy incumbents and large energy companies still hold significant market shares, but entry barriers are relatively low as Dutch law regulates activities rather than specific player types","High and fast?growing renewable share, driven primarily by offshore and onshore wind and rapidly expanding solar PV, with bioenergy as an important additional renewable source and only minor contributions from hydro and geothermal.","TenneT operates the national transmission system as the unbundled TSO, while a small number of regional DSOs (e.g. Enexis, Liander, Stedin and a few smaller operators) own and run the distribution networks; the system faces widespread grid?congestion issues due to rapid electrification and decentralised generation, prompting major grid?reinforcement and congestion?management programmes.","?700–1,400 citizen energy initiatives and energy cooperatives (2023–2024, NECP and national mapping studies), with 714 energy cooperatives reported in the updated NECP and at least 700 broader citizen initiatives, many of which are expected to qualify as “energy community” legal entities under the new Energy Act. Among the largest average number of members of EC in Europe","Pilots only – several local energy communities and smart?grid projects (e.g. Endona, Energie Coöperatie Loenen and other sandbox/SmartCORE pilots) test aggregation, flexibility and community supply models, but there is no systematic national category of explicitly labelled community virtual power plants.","Dutch energy communities mainly develop solar PV (especially on rooftops and small solar farms) and onshore wind projects, often supported by the SCE cooperative subsidy scheme; some initiatives also integrate batteries, demand response and other flexible assets in response to grid congestion and local balancing needs","EECF Netherlands 2025
Energiehub.nl platform
Energie Nederland 2026
Koltunov et al
Reijnders et al",,"Yes – REC provisions from RED II are consolidated into a unified “energy community” definition in the new Energy Act (primary law, Article 1 and Article 2.4), which treats energy communities as official market participants with a primary non?profit purpose.","Yes – CEC provisions from the Electricity Market Directive are likewise integrated into the same unified “energy community” definition in the Energy Act, so there is no separate CEC category; both REC and CEC concepts are transposed via this single EC legal entity.","Complete – REC/CEC provisions from RED II and the Electricity Market Directive have been transposed into the Energy Act adopted in December 2024 and entering into force from 1 January 2026, with energy communities defined, granted rights and protected against discrimination; some secondary instruments (e.g. ministerial regulation on maximum number of members for supply?licence exemptions) are still pending but do not affect the core transposition","Energy communities may collectively generate, store, share and supply energy to their members at cost price, and may engage in self?consumption, sale and supply to third parties, and flexibility and energy?efficiency activities, subject to the general market rules and specific EC exemptions laid down in the Energy Act.

They can share energy internally (energy sharing as a distinct legal concept from supply) when members have appropriate contracts and smart metering, and they may supply electricity or gas without a full supplier permit within defined quantitative and membership limits, but they cannot own public transmission or distribution networks and remain subject to unbundling rules","Yes – there is a dedicated EC framework in the new Energy Act (Energiewet), which codifies energy communities as a specific legal entity with open and voluntary participation, local/non?profit purpose and governance requirements, and is complemented by existing Electricity and Gas Acts and implementing regulations for details such as permits, energy sharing and supplier exemptions and allows ECs to takeover any role from the grid. ","There is no separate national registry of energy communities yet; ECs must adopt or adapt a legal form under general company/association law, include specific EC clauses in their statutes or partnership agreements to meet Energy Act conditions, and then comply with standard licensing, permitting and DSO/supplier notification procedures. Existence of a regulative exemption where ECs stay within the Energy Act’s thresholds","EECF Netherlands 2025
",,"Cooperatives, associations, foundations and companies (e.g. BV) as well as other standard Dutch legal entities; the Energy Act defines “energy community” as a functional/legal category and allows it to be realised through various underlying legal forms, with cooperatives explicitly recognised as one option.","Members, partners or shareholders can be natural persons, micro? and small enterprises, municipalities, water authorities, provinces and joint arrangements; for renewable?project ECs, membership can additionally include medium?sized enterprises under specified conditions.
The primary purpose of an energy community must be to deliver environmental, economic or social benefits to members or the local area and “not be aimed at making a profit”, so ECs are formally non?profit in purpose, with detailed shareholding caps not set in the Act but effective control required to remain with the specified local/citizen categories.

","For ECs developing renewable projects, actual control must be exercised by members, partners or shareholders that are “established in the vicinity of the renewable energy projects”, creating a de facto local?proximity requirement for controlling members, even though membership in general can be broader.","Participation in an energy community must be open and voluntary, and members/partners/shareholders must have the right to leave; actual control must rest with natural persons, small/micro enterprises and local public entities (municipalities, provinces, water authorities, joint arrangements), and EC statutes can require equal voting rights among participating members.
In practice, most Dutch ECs are citizen energy cooperatives where individuals join as members with voting rights (typically one?member?one?vote), often alongside local authorities and small businesses, and the Energy Act largely formalises this cooperative?style control model.","Municipalities, provinces and water authorities may be members, partners or shareholders and can hold actual control positions; the climate agreement and national policy encourage local public actors to support and co?own projects, with a political ambition of 50% local ownership of renewable production in many areas","Commercial RES developers, suppliers and service providers (including large utilities and project developers) may partner with or co?own projects alongside energy communities, and crowdfunding platforms and social?impact investors frequently provide capital, but the Energy Act’s governance rules ensure that effective control remains with citizens, local SMEs and public actors rather than with large commercial players.","Diestelmeier et al
Koltunov et al
Vernay et al
EECF Netherlands 2025
Reijnders et al","Citizen?majority energy cooperatives remain the dominant governance archetype, now reclassified as “energy communities” under the Energy Act; many ECs are mixed vehicles combining citizen co?ops, municipalities and professional developers, but with legal requirements that local/non?profit stakeholders retain effective control","Yes – via a legally defined “energy sharing” mechanism (distinct from supply) where active consumers within an energy community exchange self?generated electricity with each other in real time, subject to conditions in the Energy Act (Article 2.30) and implemented through participating suppliers","Supplier?mediated energy sharing of locally generated electricity within an energy community, combined with collective generation/self?consumption and residual supply from commercial suppliers at cost?price for members","The Act allows rules to be set on the location where energy may be shared (e.g. defining the spatial scope of the community), and sharing must occur within the defined energy community perimeter so that generation and consumption are located “within that community”, with exchanges settled per imbalance settlement period.","Participants must all have a contract with an energy supplier that offers energy?sharing services, and all members with whom energy is shared must also have a supply or return contract with that same supplier; the supplier mediates and settles shared energy while continuing to provide standard supply for residual volumes. The Energy Act creates a rule that prevents a market participant fromdisadvantaging or preventing a final or active customer from participating in an energycommunity. Provisions in agreements between market actors and final or active customersthat contravene this rule are voidable","Energy sharing is only possible under the Energy Act’s defined conditions: EC members must use a supplier that supports energy sharing, all members must have smart meters with communication functionality activated, and electricity must be shared per imbalance settlement period, with additional limits and rules applicable to ECs using supply?licence exemptions (e.g. annual balance between supply and feed?in, small?connection end users, and a maximum number of members to be fixed by ministerial regulation).
These metering, supplier?alignment and quantitative constraints, plus the absence (so far) of detailed implementing rules on member caps, create practical bottlenecks and uncertainty for scaling energy?sharing schemes beyond early adopters and cooperative–supplier partnerships","Xemex
EECF Netherlands 2025
Diestelmeier et al
RESCoop Good practices
van Summeren et al","The law leaves room for different internal allocation rules (e.g. pro?rata to consumption, fixed shares), but in practice Dutch ECs are likely to start with relatively simple sharing rules that suppliers and metering systems can handle, and energy sharing is at an early stage as the Energy Act only enters into force from 2026. Suppliers are still developing products and legislators are still developping additional conditions that would allow scale ups.","High (82.5% in 2020) but not yet fully complete – most households already have smart meters, and the new Energy Act requires remaining analogue meters to be replaced by 2030; at the same time, around 2.5 million first?generation GPRS smart meters must be swapped out before 2G networks shut down in 2029, with modular replacements rolling out from 2027","15?minute data aligned with the EU?wide 15?minute imbalance settlement and market time unit, which is the minimum granularity needed for energy sharing to be settled per imbalance period","DSOs collect metering data and provide it to suppliers for billing and settlement; under the new Energy Act and related data?sharing rules, suppliers and grid operators must use this data to implement energy?sharing allocations, while consumers gain stronger rights to access their own consumption/production data and share it with third?party services in a GDPR?compliant way.

Energy communities as legal entities receive allocation/settlement information indirectly via their partner suppliers/DSOs and can use it for internal allocation, reporting and member billing, while individual members access their own data through supplier/DSO portals and APIs; direct, standardised EC?level data feeds are emerging but not yet fully harmonised.","Rijksinspectie Digitale Infrastructuur (RDI)
RESCoop Good practices
EECF Netherlands 2025
van Summeren et al","Key bottlenecks include the dual task of replacing both remaining analogue meters and a large stock of obsolete first?generation smart meters, ensuring that all devices support 15?minute data and remote communication; until this is resolved, some ECs and suppliers may face constraints in rolling out energy?sharing products nationwide and in integrating high?frequency data into their billing and allocation systems","Yes – aggregation of generation and demand?side flexibility is allowed; aggregators can pool distributed resources (PV, batteries, flexible loads) for wholesale, balancing and flexibility services, and energy communities are explicitly allowed to be active in flexibility and energy?efficiency fields under the Energy Act.","Independent aggregators (separate from suppliers) are recognised in Dutch law as part of the transposition of the Electricity Market Directive; they can provide demand?response and other flexibility services, but their market access often requires contractual arrangements and compensation mechanisms with suppliers and BRPs, and detailed secondary rules are still evolving","Energy communities are not given a distinct “community aggregator” licence, but the Energy Act allows them to engage in flexibility and energy?efficiency activities and to contract for or provide flexibility services; in practice, Dutch energy cooperatives (through their federation Energie Samen and projects like FLEXCoop) can already aggregate member loads to participate in TSO balancing reserves and other flexibility products (as is the case with the coop Endona)

This means ECs can either act as aggregators themselves under general aggregation rules (if they meet technical and market requirements) or partner with independent/utility aggregators to monetise community flexibility.","Nordic Energy Research independant aggregator 2022
ECP FLEXCoop report
Interreg Crash Course
van Summeren et al","Key issues for EC aggregation in the Netherlands include the need to coordinate with DSOs and TSOs on congestion management and balancing, to comply with evolving compensation rules between aggregators and suppliers/BRPs, and to integrate 15?minute smart?meter data and digital platforms; several Dutch case studies highlight both the potential value of community?based flexibility and the regulatory/market complexity of bringing EC aggregation to scale","Energy communities can sell electricity via PPAs with suppliers, participate in wholesale and balancing markets indirectly through BRPs and aggregators, and increasingly provide flexibility for congestion management in DSO and TSO schemes; they also benefit from national support schemes (e.g. SCE) for cooperative generation, but there is no dedicated EC?only local flexibility market yet.","Direct wholesale trading is legally possible in principle if an EC takes on BRP responsibilities, but in practice ECs almost always rely on PPAs and contractual arrangements with suppliers and/or BRPs, who handle day?ahead/intraday trading and balancing on their behalf","Key actors for EC market access are the national regulator (ACM), the TSO TenneT, regional DSOs (e.g. Liander, Enexis, Stedin) running congestion and flexibility pilots, and national and EU?level community?support organisations and projects (e.g. Energie Samen, REScoop projects, cVPP and related research programmes) that help ECs navigate markets and aggregation.

","Reijnders et al
van Summeren et al","The Energy Act includes non?discrimination and “no blocking” clauses (e.g. suppliers and other market participants may not prevent customers from joining ECs or engaging in self?consumption, energy sharing, flexibility or energy?efficiency activities), and EU rules guarantee consumers’ right to access all electricity markets; however, the technical and contractual complexity of BRP responsibilities, aggregation and flexibility procurement still limits ECs’ effective participation to a subset of more advanced, often pilot?based initiatives","Shared and self?consumed energy generally pays standard volumetric and/or capacity?based grid tariffs, with only minimal tariff adaptations for shared electricity over 15?minute periods within buildings approved so far; there is no broad EC?specific reduction in network charges for energy shared via the new energy?sharing mechanism","DSO tariffs are set nationally and remain mostly capacity? and energy?based, differentiated by connection size and voltage level, with emerging discussion of dynamic grid tariffs that reflect local congestion and could, in future, better reward local flexibility; currently, however, tariff structures provide only weak price signals or incentives specifically tailored to energy?community flows","The key EC?relevant support scheme is the Subsidy Scheme for Cooperative Energy Generation (SCE), an operating per?kWh subsidy for renewable electricity projects (mainly solar PV, onshore wind and small hydro) developed and owned by energy cooperatives and Owners’ Associations within the same postcode area.
More generally, Dutch community projects can also access broader RES schemes like SDE/SDE++ (operating grants for renewable generation) and new cooperative financing instruments such as the Energie Samen development funds, but these are not reserved exclusively for ECs, and access often depends on project size and professionalisation","Teladia et al
RESCoop
EECF Netherlands 2025
Reijnders Pricing
Bonfert","Shared energy pays largely standard grid tariffs; EC economics rely on SCE (cooperative premium) and general SDE++ support; no strong EC?specific grid?tariff discounts yet, discussions on dynamic tariffs ongoing
",,,,,,"Energy?sharing and EC supply?licence exemptions still depend on secondary rules (e.g. maximum number of members, detailed implementation by suppliers/ACM), creating uncertainty for EC planning.
Existing support and EC rules focus mainly on electricity and specific legal forms (co?ops, VvEs), making it harder to extend EC models to multi?vector projects (heat, mobility) or other entity types.","Market design remains complex for small actors: ECs usually must work through suppliers, BRPs and aggregators to access wholesale, balancing and flexibility markets, with limited transparency and transaction costs that deter smaller communities.
There is no dedicated, stable local flexibility market design yet; pilots exist, but long?term procurement frameworks for community flexibility are still evolving","Severe grid congestion and limited connection capacity in many regions delay or cap new EC generation and make project development contingent on DSO reinforcement or congestion?management schemes.
Smart?meter rollout is high but not complete, and first?generation meters need replacement; implementing supplier?mediated energy sharing with 15?minute metering and complex multi?member allocation is technically demanding for both ECs and suppliers","Small cooperative projects face difficulties securing finance and managing risk in a volatile price environment, especially as support schemes (SCE/SDE++) are competitive, time?limited and may favour better?resourced developers.
Standard grid tariffs and price structures provide limited financial reward for local self?consumption and energy sharing, so EC business cases often hinge on subsidies rather than on underlying tariff signals.","Energy?community participation is uneven: academic case studies highlight that projects often draw on higher?income, more educated citizens, while low?income households and renters are under?represented and face barriers such as limited capital, information and time.
Volunteer fatigue and governance capacity issues within co?ops (e.g. reliance on a small core of active members) limit their ability to scale up, professionalise and engage with complex market and regulatory arrangements.","Spatial planning and siting conflicts (e.g. opposition to wind turbines, competing land uses) constrain large onshore projects, even where local co?ownership is offered, and environmental rules can slow down permitting for both wind and solar.

Municipal governance and administrative capacity vary widely, so some municipalities strongly support ECs while others are cautious or slow, leading to very uneven enabling conditions across the country","The new Energy Act gives ECs a formal, non?profit legal status, explicit rights to generate, share and (within limits) supply energy, and non?discrimination guarantees, while national schemes such as SCE and broader SDE++ support, plus strong cooperative federations (e.g. Energie Samen) and EU programmes (EECF, NRG2peers, SmartCORE), provide an evolving enabling ecosystem for EC expansion and professionalisation.

At the same time, grid?congestion and flexibility challenges create a structural opportunity for ECs to be recognised as providers of local flexibility and system services, with ongoing pilots and research demonstrating how community?based flexibility and aggregation can support DSOs and TSOs, potentially leading to more systematic flexibility markets and value streams for ECs in the medium term.","Diestelmeier et al
van Summeren et al
EECF Netherlands 2025
Bonfert",
,,,,,,,,,,,,,,,,,,,,,,,,,,,,,,,,,,,,,,,,,,,,,,,,,,,,,,,,,,,,,,,,,,
